2.705,-1.6499665694788026
2.71,-1.2691553487067446
2.715,-0.8702326331793806
2.72,-0.4632441063486722
2.725,-0.05746368131614063
2.73,0.3388402501700044
2.735,0.7182509102036104
2.74,1.0738646540713073
2.745,1.3990299194532274
2.75,1.6873614457992554
2.755,1.9330773881621746
2.76,2.1315441827141877
2.765,2.2798132815730283
2.77,2.3769367410780533
2.775,2.4239466314718126
2.78,2.423524821310942
2.785,2.3795069944627927
2.79,2.2964063028160986
2.795,2.179095869538396
2.8,2.0326859322928676
2.805,1.8625261864925011
2.81,1.6742086874059752
2.815,1.4734645740282413
2.82,1.265923558643764
2.825,1.0567947326104925
2.83,0.8505820768814396
2.835,0.6509397238598117
2.84,0.46070628345824666
2.845,0.2820704429877018
2.85,0.11675846176570258
2.855,-0.033868755031774146
2.86,-0.16886343547341104
2.865,-0.28784925329356564
2.87,-0.3911829158791735
2.875,-0.4799940454128964
2.88,-0.556027556195539
2.885,-0.6213063525684223
2.89,-0.6777243804623566
2.895,-0.7267243317994919
2.9,-0.7691866781886262
2.905,-0.8055680557342244
2.91,-0.8362180661565897
2.915,-0.8617252402951295
2.92,-0.883131699531402
2.925,-0.9019164219937374
2.93,-0.9197496389169415
2.935,-0.9381172729752086
2.94,-0.957960615393075
2.945,-0.9794544083988717
2.95,-1.0019716030482964
2.955,-1.0241956352936472
2.96,-1.0442854141135451
2.965,-1.0600002211751303
2.97,-1.0687462080847336
2.975,-1.0675803417550351
2.98,-1.0532586305628824
2.985,-1.0224130187626275
2.99,-0.9718839739962447
2.995,-0.8991520536853672
3.0,-0.8027458113993913
3.005,-0.6824922932528616
3.01,-0.5395301940705439
3.015,-0.37610137528299126
3.02,-0.19522810263742463
3.025,-0.00042511961436515576
3.03,0.20443514190744355
3.035,0.4150763177445568
3.04,0.6266694548935063
3.045,0.8337298679822899
3.05,1.0302026514890892
3.055,1.2097996812720369
3.06,1.36653115294301
3.065,1.4952725880354119
3.07,1.5921747504275552
3.075,1.654778733646788
3.08,1.6818194144222431
3.085,1.6728328841992124
3.09,1.627765617488166
3.095,1.5467754879331872
3.1,1.4303193067471742
3.105,1.2794817081744574
3.11,1.096380820487925
3.115,0.884443263370159
3.12,0.6483952523544838
3.125,0.3939431857223851
3.13,0.1272571342779024
3.135,-0.14554141597428266
3.14,-0.41869190704684084
3.145,-0.6868087010297258
3.15,-0.9446422384958783
3.155,-1.1867568640244581
3.16,-1.4073412090148563
3.165,-1.6003138808101196
3.17,-1.759758160817551
3.175,-1.8805723848350941
3.18,-1.9591229973086446
3.185,-1.993677891021209
3.19,-1.984480295403062
3.195,-1.9334592138918079
3.2,-1.8437007490981188
3.205,-1.718871848806975
3.21,-1.562771016820658
3.215,-1.3790956825665477
3.22,-1.1714088146993664
3.225,-0.9432096068960985
3.23,-0.697997420873886
3.235,-0.439264061718728
3.24,-0.17042537622170983
3.245,0.10523583740888201
3.25,0.3845324470215889
3.255,0.6642037867481753
3.26,0.9406562162084605
3.265,1.2097245493646407
3.27,1.4665863100291974
3.275,1.7059170269636899
3.28,1.9222825589935697
3.285,2.1106646560386384
3.29,2.2669548578888183
3.295,2.3882587495027594
3.3,2.472925781682441
3.305,2.5203271637031914
3.31,2.5304982737793957
3.315,2.503802057619356
3.32,2.4407409888241016
3.325,2.341964165403565
3.33,2.2084228211144423
3.335,2.041565319219385
3.34,1.843458017428124
3.345,1.6167689660746793
3.35,1.3646285391847353
3.355,1.0904446425121643
3.36,0.7977684897034415
3.365,0.49027233084661304
3.37,0.17183229677086487
3.375,-0.15335601014781597
3.38,-0.4807294733150375
3.385,-0.8054515338709858
3.39,-1.1226545018764529
3.395,-1.4277578682039465
3.4,-1.7167409285452127
3.405,-1.9862535625428255
3.41,-2.233510059561234
3.415,-2.4560017808482444
3.42,-2.6511450020463485
3.425,-2.816014209449853
3.43,-2.947282598634958
3.435,-3.0414121899901296
3.44,-3.0950394290096246
3.445,-3.1054286963694673
3.45,-3.0708451067566047
3.455,-2.990735419735923
3.46,-2.8656833037770975
3.465,-2.6971888716845953
3.47,-2.4873788211989223
3.475,-2.238763458114904
3.48,-1.9541221184580815
3.485,-1.6365386759515836
3.49,-1.2895508543244705
3.495,-0.9173426984013705
3.5,-0.5249068161135434
3.505,-0.11812510309088964
3.51,0.29625206985813796
3.515,0.7107231756590319
3.52,1.1172331037332022
3.525,1.5074349424544087
3.53,1.873002713508749
3.535,2.2059786455497545
3.54,2.4991272252939023
3.545,2.746254447486977
3.55,2.9424447279291854
3.555,3.0841782971823166
3.56,3.1693192876119523
3.565,3.1970003732717656
3.57,3.1674589029156826
3.575,3.0818883093974447
3.58,2.942351855099156
3.585,2.751769900937475
3.59,2.513952663950945
3.595,2.2336258234231976
3.6,1.9163978612087893
3.605,1.5686449448314599
3.61,1.1973284926653895
3.615,0.809792992527071
3.62,0.4136006973216319
3.625,0.01643984370164366
3.63,-0.37389776672005237
3.635,-0.7495170276982632
3.64,-1.1024695124192074
3.645,-1.424918188643203
3.65,-1.7094438140673884
3.655,-1.9494647361356012
3.66,-2.1396911751372447
3.665,-2.276509306265857
3.67,-2.3582001090808666
3.675,-2.3849398444834655
3.68,-2.358588115007978
3.685,-2.2823253189154626
3.69,-2.16023604130999
3.695,-1.9969393208613757
3.7,-1.797342281294131
3.705,-1.5665503543242274
3.71,-1.3099190926527067
3.715,-1.0331921777595054
3.72,-0.7426463222040425
3.725,-0.4451601077182561
3.73,-0.1481401027107945
3.735,0.14072933735732973
3.74,0.413902039081721
3.745,0.6644942989545769
3.75,0.8868212086897571
3.755,1.0768297150114519
3.76,1.2323231216957895
3.765,1.3529132155820525
3.77,1.4397016505654758
3.775,1.4947644114752974
3.78,1.5205695194822755
3.785,1.5194784057987902
3.79,1.4934558558844078
3.795,1.4440479541737634
3.8,1.372602715188228
3.805,1.2806327268216608
3.81,1.1701791717576542
3.815,1.0440452667538143
3.82,0.9058195791263153
3.825,0.7596847548313262
3.83,0.6100761849866471
3.835,0.4612933182743799
3.84,0.3171627818328032
3.845,0.18081387583427203
3.85,0.054573807357901
3.855,-0.06005313115007328
3.86,-0.16237354672198873
3.865,-0.2524952392791963
3.87,-0.33131944930343404
3.875,-0.40050042714201084
3.88,-0.4623242841771025
3.885,-0.5194756921109537
3.89,-0.5747018701347156
3.895,-0.6304303837205082
3.9,-0.688428479410974
3.905,-0.7495910165168228
3.91,-0.8139090749096837
3.915,-0.8806144615939451
3.92,-0.9484387295830486
3.925,-1.0158913401619756
3.93,-1.0814634392673177
3.935,-1.1437000083883306
3.94,-1.201138814921748
3.945,-1.2521673845411374
3.95,-1.2948789799862441
3.955,-1.3270051743959619
3.96,-1.3459694631865968
3.965,-1.3490582491565797
3.97,-1.333662058055157
3.975,-1.2975174066455997
3.98,-1.2388854312798174
3.985,-1.1566329168010976
3.99,-1.0502216298272022
3.995,-0.9196465634335543
4.0,-0.7653797161352122
4.005,-0.5883680153525095
4.01,-0.3901058001124516
4.015,-0.1727649853557645
4.02,0.06066629573542561
4.025,0.3063010231673612
4.03,0.5593830428916722
4.035,0.814456129366359
4.04,1.065657183454658
4.045,1.3070775074754604
4.05,1.533110539021471
4.055,1.7387042613619526
4.06,1.9194640978954276
4.065,2.071600511192513
4.07,2.191769844718572
4.075,2.2768984685819507
4.08,2.3240927012722157
4.085,2.330712561508281
4.09,2.2946310119077733
4.095,2.2146292263058003
4.1,2.0908172308334154
4.105,1.9249417123524535
4.11,1.7204624055555144
4.115,1.4823424526114333
4.12,1.2165868050957127
4.125,0.9296456199263218
4.13,0.627846201285314
4.135,0.3170085362611442
4.14,0.0023366134900917462
4.145,-0.31141844767152144
4.15,-0.619622711033078
4.155,-0.9174101128975528
4.16,-1.1994805005447793
4.165,-1.460149658572062
4.17,-1.6936622707564346
4.175,-1.894682504483041
4.18,-2.0588132880564682
4.185,-2.182986626298959
4.19,-2.2656146109511672
4.195,-2.3064744247031452
4.2,-2.3063884011429505
4.205,-2.266820237979378
4.21,-2.189521377338702
4.215,-2.0763269850759487
4.22,-1.92913619945507
4.225,-1.7500432247987543
4.23,-1.541539517983838
4.235,-1.3066965248469469
4.24,-1.049261485232738
4.245,-0.7736411602007057
4.25,-0.48479004000029985
4.255,-0.1880443712166223
4.26,0.1110551282026089
4.265,0.4069257549640213
4.27,0.694087001772747
4.275,0.9672982041641469
4.28,1.2217018255897085
4.285,1.4529713016913874
4.29,1.6574441472086392
4.295,1.8322092097697185
4.3,1.975119736855415
4.305,2.08472225520696
4.31,2.1601183206506693
4.315,2.200800526810923
4.32,2.206514920174987
4.325,2.1771938123078893
4.33,2.1129784295782637
4.335,2.0143191793737234
4.34,1.882114622216279
4.345,1.7178384036395031
4.35,1.5236102132139056
4.355,1.3021887822108669
4.36,1.0568929396242623
4.365,0.7914800404562594
4.37,0.5100213954546223
4.375,0.21680884730910796
4.38,-0.08369139149636946
4.385,-0.38684445237348636
4.39,-0.6878378030362036
4.395,-0.9816912490715587
4.4,-1.2633141541210773
4.405,-1.527621312353972
4.41,-1.7696969705746282
4.415,-1.984977134923604
4.42,-2.169410354515382
4.425,-2.31956048462286
4.43,-2.4326311322400103
4.435,-2.5064160309787864
4.44,-2.539204944463697
4.445,-2.5296924449951756
4.45,-2.4769403161925014
4.455,-2.3804306353548297
4.46,-2.240218406708789
4.465,-2.057157702266062
4.47,-1.8331445853321973
4.475,-1.5713044568983887
4.48,-1.2760577639941117
4.485,-0.9530263060501533
4.49,-0.6087851117182868
4.495,-0.25050874306192317
4.5,0.11440888944542595
4.505,0.4786766497317946
4.51,0.8353080314962515
4.515,1.1776839989646437
4.52,1.4995079830059193
4.525,1.7947228949329035
4.53,2.0574731477982913
4.535,2.28217672352084
4.54,2.46372904246041
4.545,2.5978070908391664
4.55,2.6811984340139245
4.555,2.7120619146034746
4.56,2.6900423050331086
4.565,2.6162050887336017
4.57,2.492814427929967
4.575,2.323026788359696
4.58,2.1105967388727715
4.585,1.8596814520267415
4.59,1.5747901744441883
4.595,1.2608691874847824
4.6,0.9234617377746179
4.605,0.5688541399226247
4.61,0.20412301042244965
4.615,-0.16296832058363592
4.62,-0.5242269843892585
4.625,-0.8713971421141677
4.63,-1.1965632648558595
4.635,-1.49251550038825
4.64,-1.7530244451598034
4.645,-1.9730069563891914
4.65,-2.148596349058702
4.655,-2.2771475367654435
4.66,-2.3572064670491457
4.665,-2.388458720110007
4.67,-2.3716555275626963
4.675,-2.308508020108422
4.68,-2.201547784126647
4.685,-2.053970467929895
4.69,-1.8694982495832517
4.695,-1.652303091183185
4.7,-1.4070171110320904
4.705,-1.1388204581970967
4.71,-0.8535533491532495
4.715,-0.5577669493806695
4.72,-0.25862575960052897
4.725,0.03638988099510362
4.73,0.31996621057435654
4.735,0.5855339119801988
4.74,0.8277986171824226
4.745,1.043073750844575
4.75,1.2293128596204024
4.755,1.3858288166590533
4.76,1.5127898489917329
4.765,1.6106591481386245
4.77,1.6797650553935761
4.775,1.720141769630011
4.78,1.7316811700336392
4.785,1.7145206646850453
4.79,1.6695035651103394
4.795,1.5985214810793318
4.8,1.5045934479531546
4.805,1.3916366264267461
4.81,1.2639994730125435
4.815,1.1259149992629243
4.82,0.9810556827901497
4.825,0.8323246145105717
4.83,0.681919883863722
4.835,0.5316013372398519
4.84,0.38301437316745285
4.845,0.2379134948884148
4.85,0.0981818012849294
4.855,-0.034362613695699935
4.86,-0.15828677729337595
4.865,-0.2728462555766712
4.87,-0.3781335243319367
4.875,-0.4749956686323113
4.88,-0.5647387840333934
4.885,-0.6487204311101091
4.89,-0.7279722363148614
4.895,-0.8029771993140564
4.9,-0.873660143753684
4.905,-0.9395643482885134
4.91,-1.0001185002237556
4.915,-1.0548726768361496
4.92,-1.1036073864881408
4.925,-1.146281550574583
4.93,-1.1828552668039445
4.935,-1.2130716815444627
4.94,-1.2362912368166648
4.945,-1.2514412361717473
4.95,-1.2570911485805363
4.955,-1.2516143302050573
4.96,-1.2333711301912358
4.965,-1.2008550098023827
4.97,-1.1527751558617652
4.975,-1.0880879923860838
4.98,-1.006016239609594
4.985,-0.9060957631712269
4.99,-0.7882683447050708
4.995,-0.6530052885485782
5.0,-0.5014199843886346
5.005,-0.33532090430324657
5.01,-0.157173480808675
5.015,0.03002819587526073
5.02,0.22294622177933524
5.025,0.4180886660877986
5.03,0.6119569842523339
5.035,0.8011270835256219
5.04,0.982270648036877
5.045,1.1521467648320824
5.05,1.307600256886512
5.055,1.4455914725453
5.06,1.5632605179168508
5.065,1.6580093385802797
5.07,1.7275778298151505
5.075,1.770098151204855
5.08,1.784128933341777
5.085,1.768687015893523
5.09,1.7232983347917898
5.095,1.6480775883362206
5.1,1.5438233009015219
5.105,1.412092664032709
5.11,1.2552119547969556
5.115,1.0761907356291553
5.12,0.8785389433084679
5.125,0.6660234410489076
5.13,0.4424282418498627
5.135,0.21138697430192088
5.14,-0.02366681350801518
5.145,-0.25942854649431013
5.15,-0.4925734663737387
5.155,-0.7196024818938151
5.16,-0.9367584424770801
5.165,-1.1400615604106838
5.17,-1.3254677352822803
5.175,-1.4891083247892183
5.18,-1.6275421174267033
5.185,-1.7379498718745108
5.19,-1.818227278866188
5.195,-1.866971756553941
5.2,-1.883395462430299
5.205,-1.8672170103325914
5.21,-1.8185814386823675
5.215,-1.7380358176820818
5.22,-1.6265578741066316
5.225,-1.485610568012415
5.23,-1.3171862540610095
5.235,-1.123811934231789
5.24,-0.908506545896111
5.245,-0.6747022024831677
5.25,-0.42615421571777024
5.255,-0.16686458887632905
5.26,0.09896816444403322
5.265,0.36697707800692125
5.27,0.6326509070845997
5.275,0.891377453260352
5.28,1.1385229184855523
5.285,1.3695501573141045
5.29,1.5801629338093803
5.295,1.7664520477395858
5.3,1.9250163989266063
5.305,2.0530380947200184
5.31,2.148302825471274
5.315,2.209170586968665
5.32,2.2345132581846547
5.325,2.2236418481612756
5.33,2.1762465622143004
5.335,2.092367880118557
5.34,1.9724081598637841
5.345,1.8171828440565845
5.35,1.6280002619909693
5.355,1.406751410173185
5.36,1.155987813329581
5.365,0.8789676756782857
5.37,0.5796576833950262
5.375,0.26268797880000516
5.38,-0.0667323251945493
5.385,-0.40292564148611504
5.39,-0.7398687479842712
5.395,-1.0713195409556988
5.4,-1.3909469848120775
5.405,-1.6924693541432418
5.41,-1.9698061105711826
5.415,-2.2172424756589733
5.42,-2.429595568753249
5.425,-2.6023621833727346
5.43,-2.7318264454671497
5.435,-2.815113633006272
5.44,-2.8501925973919113
5.445,-2.8358472462816087
5.45,-2.7716490671599816
5.455,-2.6579610763576973
5.46,-2.4959875004397074
5.465,-2.287858224693523
5.47,-2.0367129075982504
5.475,-1.7467378261665665
5.48,-1.4231159098374575
5.485,-1.0718760827835332
5.49,-0.6996627523957144
5.495,-0.3134759414093672
5.5,0.07955599495699046
5.505,0.4723222115689289
5.51,0.8577787411793073
5.515,1.2289279872925092
5.52,1.5787873829004044
5.525,1.900415490621361
5.53,2.187044931109216
5.535,2.4323311146695996
5.54,2.630679500197044
5.545,2.777580419208091
5.55,2.8698728678476795
5.555,2.9058800143199157
5.56,2.8854006518869686
5.565,2.809585596087126
5.57,2.6807583309288714
5.575,2.5022438182861837
5.58,2.278248109189576
5.585,2.013794846181966
5.59,1.7146894962064057
5.595,1.387463483225522
5.6,1.0392557831324636
5.605,0.6776157264087412
5.61,0.3102454555412776
5.615,-0.055271967503802893
5.62,-0.41170458385239284
5.625,-0.7523240507309384
5.63,-1.0709698989257088
5.635,-1.3620505843710626
5.64,-1.6205286859647194
5.645,-1.841939204563252
5.65,-2.022470563737678
5.655,-2.1591061251134662
5.66,-2.2497932477357394
5.665,-2.2935897176034628
5.67,-2.2907402980838794
5.675,-2.242657304178272
5.68,-2.151809328592679
5.685,-2.0215492458279734
5.69,-1.8559261039133086
5.695,-1.6595212198505813
5.7,-1.4373297956473476
5.705,-1.1946843329449854
5.71,-0.9371954555678111
5.715,-0.6706773609083536
5.72,-0.4010315172382213
5.725,-0.13407997070161204
5.73,0.1246388209372144
5.735,0.37008176188916636
5.74,0.5978843136938804
5.745,0.8044848585316143
5.75,0.987175225276999
5.755,1.1440809891559285
5.76,1.274090633084849
5.765,1.3767602925590332
5.77,1.4522191208831787
5.775,1.5010911816665162
5.78,1.5244373772338826
5.785,1.5237100351892943
5.79,1.500707086682697
5.795,1.457513724638037
5.8,1.3964259420337664
5.805,1.3198593708481605
5.81,1.230254548316489
5.815,1.1299929334017336
5.82,1.0213352834252702
5.825,0.9063863253067372
5.83,0.7870800330460572
5.835,0.6651722744179845
5.84,0.5422256144059836
5.845,0.41957617002860187
5.85,0.29828329074289367
5.855,0.17907557541860336
5.86,0.06231611284407824
5.865,-0.051988682118082524
5.87,-0.16412057066472022
5.875,-0.2745215528801797
5.88,-0.38362579321581813
5.885,-0.491685748860374
5.89,-0.5986319300009916
5.895,-0.7039982703476321
5.9,-0.8069270455751038
5.905,-0.9062446053637526
5.91,-1.0005796976873411
5.915,-1.088486579004381
5.92,-1.1685384665773804
5.925,-1.2393714435658851
5.93,-1.299678898339945
5.935,-1.3481745284112943
5.94,-1.38355169757646
5.945,-1.4044658809064396
5.95,-1.4095566994211695
5.955,-1.3975114525078998
5.96,-1.3671588334658642
5.965,-1.3175739129027724
5.97,-1.2481748078878403
5.975,-1.1587961317061801
5.98,-1.0497311926601705
5.985,-0.9217411218446016
5.99,-0.7760334350468039
5.995,-0.6142155554131871
6.0,-0.438231923563439
6.005,-0.2502971610264058
6.01,-0.052841211686905275
6.015,0.15151727570326634
6.02,0.3599587357673337
6.025,0.569413700798243
6.03,0.7764961760353909
6.035,0.9774540481064611
6.04,1.168177756830791
6.045,1.3443004438140884
6.05,1.5013996239216063
6.055,1.635277994223163
6.06,1.7422703397242347
6.065,1.8195069126020396
6.07,1.865069624797006
6.075,1.8780064289508858
6.08,1.8582127379298825
6.085,1.8062314181915828
6.09,1.723048559727082
6.095,1.6099601640360963
6.1,1.468554632853609
6.105,1.3008080741192132
6.11,1.1092419362943025
6.115,0.8970638003857203
6.12,0.6682138834189233
6.125,0.42727180951985205
6.13,0.17922843842873823
6.135,-0.07082333843584505
6.14,-0.3179959128723173
6.145,-0.5578316315920201
6.15,-0.7863961620359746
6.155,-1.0002409195936355
6.16,-1.196281508878043
6.165,-1.3716653497698916
6.17,-1.523698179911334
6.175,-1.6498687058354542
6.18,-1.7479666516551469
6.185,-1.8162499797903424
6.19,-1.853597574886745
6.195,-1.8595907969857417
6.2,-1.834496553677723
6.205,-1.7791627827077932
6.21,-1.6948685472667788
6.215,-1.5831832984262586
6.22,-1.4458798140250555
6.225,-1.2849188428789489
6.23,-1.1024927481402136
6.235,-0.9010932728356469
6.24,-0.6835629636790579
6.245,-0.453101046049898
6.25,-0.21321577560460256
6.255,0.03236380301535803
6.26,0.2797920264577743
6.265,0.525203057532499
6.27,0.764786927871767
6.275,0.9948462982026355
6.28,1.2118440462974036
6.285,1.412451729961343
6.29,1.5936009426748223
6.295,1.7525291743514926
6.3,1.8868059914783666
6.305,1.9943287262881666
6.31,2.0732889827077137
6.315,2.1221266510379952
6.32,2.1394988069890455
6.325,2.12429035009176
6.33,2.075679908344013
6.335,1.9932529104643892
6.34,1.8771327339996133
6.345,1.72808991356444
6.35,1.5475941162274447
6.355,1.3377928908574241
6.36,1.1014275045430097
6.365,0.8417185341999504
6.37,0.5622626894782983
6.375,0.26697364482836194
6.38,-0.03992300599517783
6.385,-0.3538575787525887
6.39,-0.669883631938792
6.395,-0.982685648283766
6.4,-1.2866546063896716
6.405,-1.576034006276045
6.41,-1.845112935432407
6.415,-2.08842670412887
6.42,-2.300925864946241
6.425,-2.478090298869685
6.43,-2.6159890550170157
6.435,-2.71130807658458
6.44,-2.761377657614757
6.445,-2.764225777083262
6.45,-2.718665598493922
6.455,-2.624403893467964
6.46,-2.482141710144295
6.465,-2.2936359009476153
6.47,-2.0617008222490636
6.475,-1.7901482743827266
6.48,-1.4836818712802298
6.485,-1.147771567993082
6.49,-0.7885314294093446
6.495,-0.4126111037042093
6.5,-0.027095616124988717
6.505,0.36060303407909927
6.51,0.7428800600191978
6.515,1.1121061511580463
6.52,1.4608232072472755
6.525,1.7819478209192545
6.53,2.0689578903689156
6.535,2.3160434279162394
6.54,2.5182160977946695
6.545,2.671386698144275
6.55,2.772428557364716
6.555,2.8192433948301336
6.56,2.810835310646108
6.565,2.7473835712138968
6.57,2.6302931912085143
6.575,2.462199944421552
6.58,2.246914967016487
6.585,1.9893099613236382
6.59,1.6951600415901193
6.595,1.3709701726285732
6.6,1.0238089124110052
6.605,0.6611609897479431
6.61,0.29079405590291557
6.615,-0.07937737208684119
6.62,-0.4414500933627818
6.625,-0.7877227858911277
6.63,-1.1109127943854908
6.635,-1.4043769149455025
6.64,-1.6623059719499282
6.645,-1.879867268512906
6.65,-2.053284059096388
6.655,-2.1798604718281873
6.66,-2.257975085171628
6.665,-2.2870697916910716
6.67,-2.267650915227548
6.675,-2.201301095171355
6.68,-2.090681763789033
6.685,-1.9394961167886997
6.69,-1.7523866664803431
6.695,-1.5347589425222585
6.7,-1.2925468380027982
6.705,-1.0319555136328684
6.71,-0.7592258431577746
6.715,-0.4804562812306069
6.72,-0.2014966544260675
6.725,0.07209782890812794
6.73,0.3350846024547485
6.735,0.5825628100295281
6.74,0.8100429522454825
6.745,1.0135650873665936
6.75,1.1898488168008639
6.755,1.3364402333885375
6.76,1.451816484331384
6.765,1.5354187771358587
6.77,1.5876048885459744
6.775,1.6095342703552977
6.78,1.6030143773295533
6.785,1.5703408445660392
6.79,1.5141566055357414
6.795,1.4373405147661933
6.8,1.3429213187888736
6.805,1.234003918071492
6.81,1.1136945764750623
6.815,0.9850187931393246
6.82,0.8508355814600236
6.825,0.7137596355756903
6.83,0.5761045572175152
6.835,0.43985528685938546
6.84,0.3066686259100427
6.845,0.17789162637682693
6.85,0.05458289214700516
6.855,-0.06247628182527112
6.86,-0.1727861756600164
6.865,-0.2761429980160019
6.87,-0.37264910186787853
6.875,-0.46270134480415726
6.88,-0.546943466231475
6.885,-0.6261780079886896
6.89,-0.7012457528750695
6.895,-0.7728916110543547
6.9,-0.8416415773570932
6.905,-0.9077138379774702
6.91,-0.9709787556909967
6.915,-1.0309699458699386
6.92,-1.0869359118037902
6.925,-1.1379126991256852
6.93,-1.1827954811692527
6.935,-1.220391531260575
6.94,-1.2494470071263342
6.945,-1.268651920616142
6.95,-1.2766374741914495
6.955,-1.2719841934615839
6.96,-1.2532564488097524
6.965,-1.219070016627281
6.97,-1.1681875066696437
6.975,-1.09962615219119
6.98,-1.0127575485251858
6.985,-0.907381372437238
6.99,-0.783764014762478
6.995,-0.6426448902082441
7.0,-0.485223116735897
7.005,-0.31314107306397443
7.01,-0.12847726576342589
7.015,0.0662494870088459
7.02,0.26807490817039786
7.025,0.4736022439650742
7.03,0.6790532206193772
7.035,0.880368375051542
7.04,1.073353206644751
7.045,1.2538508259526273
7.05,1.4179116317629126
7.055,1.561930536123378
7.06,1.6827329363621268
7.065,1.777608193254327
7.07,1.8443070512777773
7.075,1.8810302315882612
7.08,1.8864350104702863
7.085,1.859675155803541
7.09,1.8004718277461533
7.095,1.7091962472185938
7.1,1.5869359570129744
7.105,1.4355189189127697
7.11,1.2574823223080807
7.115,1.055990431819073
7.12,0.8347207990716309
7.125,0.5977446572748243
7.13,0.3494230243283735
7.135,0.09432733769628561
7.14,-0.16282175642845303
7.145,-0.4172147183687492
7.15,-0.6640316025548969
7.155,-0.8985498562157223
7.16,-1.1162785289313781
7.165,-1.313102106749308
7.17,-1.4854095754921974
7.175,-1.630186314968571
7.18,-1.7450571765479226
7.185,-1.8282840241322154
7.19,-1.8787338807405245
7.195,-1.8958394385332635
7.2,-1.8795701315584754
7.205,-1.8304212862641223
7.21,-1.7494160613192653
7.215,-1.6381056657711628
7.22,-1.4985516073909895
7.225,-1.333279950288003
7.23,-1.1452087141182814
7.235,-0.937560504000692
7.24,-0.7137783020275785
7.245,-0.4774604908220594
7.25,-0.23232241957007452
7.255,0.01782006957364332
7.26,0.26905970365132126
7.265,0.5174178347780917
7.27,0.7588900523259225
7.275,0.9895219619622104
7.28,1.2055076954828774
7.285,1.403294307468665
7.29,1.5796719843838085
7.295,1.731833954271579
7.3,1.8573993858829172
7.305,1.9544037376255652
7.31,2.021269915702816
7.315,2.0567773583087154
7.32,2.0600440382037672
7.325,2.0305297991865197
7.33,1.9680612230999124
7.335,1.8728713341442955
7.34,1.7456438968379164
7.345,1.58755230559896
7.35,1.4002860848795873
7.355,1.1860619919767734
7.36,0.9476198706785761
7.365,0.6882047422093748
7.37,0.41153619262628677
7.375,0.12176482596038014
7.38,-0.1765853866223402
7.385,-0.47868970869214433
7.39,-0.779509265834753
7.395,-1.0738881532886584
7.4,-1.3566551244946288
7.405,-1.622722996283321
7.41,-1.8671799720003364
7.415,-2.085370037774436
7.42,-2.272963514435649
7.425,-2.4260223716842373
7.43,-2.5410666886640887
7.435,-2.615147864410988
7.44,-2.645930885499638
7.445,-2.631783073854419
7.45,-2.571861797190025
7.455,-2.4661902649302108
7.46,-2.3157099427885846
7.465,-2.12230062467533
7.47,-1.888764131640357
7.475,-1.618773506857468
7.48,-1.316794678223898
7.485,-0.9879903827293057
7.49,-0.6381159798790289
7.495,-0.2734139099797209
7.5,0.09949087136573087
7.505,0.47369653410770163
7.51,0.8421360049717774
7.515,1.1976999751595254
7.52,1.533374725465037
7.525,1.8423946020891144
7.53,2.1184049034569736
7.535,2.355627593218358
7.54,2.5490204447914846
7.545,2.694420186551941
7.55,2.7886616734212657
7.555,2.8296674793719063
7.56,2.816504967468935
7.565,2.7494103789164424
7.57,2.6297815194052583
7.575,2.460142078793174
7.58,2.244081415375453
7.585,1.9861736936301324
7.59,1.6918795679550065
7.595,1.3674323034688174
7.6,1.0197087106269442
7.605,0.6560841429735522
7.61,0.28427069511652564
7.615,-0.08786097049390783
7.62,-0.4524731320423258
7.625,-0.801959531398882
7.63,-1.1291416586638845
7.635,-1.4274520275781928
7.64,-1.6910942426169544
7.645,-1.9151723033755172
7.65,-2.095785567317509
7.655,-2.2300898900328
7.66,-2.316328471236816
7.665,-2.353837108427028
7.67,-2.343027890717032
7.675,-2.2853535439511714
7.68,-2.1832527226566065
7.685,-2.0400754884139363
7.69,-1.8599884707659433
7.695,-1.6478605809540492
7.7,-1.4091319554767197
7.705,-1.1496702438993711
7.71,-0.8756189062240824
7.715,-0.5932418499142397
7.72,-0.30876799028543844
7.725,-0.02823882022291315
7.73,0.2426377124724372
7.735,0.49862281442898065
7.74,0.735066653367168
7.745,0.9480065908837164
7.75,1.134238828822559
7.755,1.291360598288039
7.76,1.4177830586140192
7.765,1.5127180615570492
7.77,1.5761438664241987
7.775,1.608755148128663
7.78,1.6119012866020863
7.785,1.587514698403715
7.79,1.5380289659580715
7.795,1.4662857177703394
7.8,1.3754300534559245
7.805,1.2687964998276902
7.81,1.1497901400008608
7.815,1.0217695788152297
7.82,0.8879389584571207
7.825,0.7512550884131182
7.83,0.6143533568724786
7.835,0.47949336628391487
7.84,0.34852316753494933
7.845,0.22286019088859124
7.85,0.10348752736149447
7.855,-0.00903444529027621
7.86,-0.11453985909572026
7.865,-0.21321105840935184
7.87,-0.30551383650520686
7.875,-0.39211630701499356
7.88,-0.4737966597106521
7.885,-0.5513478827841879
7.89,-0.6254890418586373
7.895,-0.6967921935162846
7.9,-0.7656313354951755
7.905,-0.8321554570974229
7.91,-0.8962828080148645
7.915,-0.9577093122281671
7.92,-1.0159219114451894
7.925,-1.0702083566035594
7.93,-1.1196586079136246
7.935,-1.16315865912025
7.94,-1.199383599775819
7.945,-1.2268010653470263
7.95,-1.2436971931230316
7.955,-1.2482340269112453
7.96,-1.2385405428760334
7.965,-1.2128309377257622
7.97,-1.169536139358592
7.975,-1.1074301997834681
7.98,-1.0257338537972014
7.985,-0.9241830160339268
7.99,-0.803058626004518
7.995,-0.6631832186875657
8.0,-0.5058959735851767
8.005,-0.33301980375627604
8.01,-0.14683097203319398
8.015,0.04996481386966223
8.02,0.2542532919150713
8.025,0.4625385446791562
8.03,0.6709867460867704
8.035,0.8754952679537442
8.04,1.0717902740251688
8.045,1.2555495002542514
8.05,1.4225415259337073
8.055,1.5687698616576167
8.06,1.6906099356243234
8.065,1.7849289452097474
8.07,1.8491815276963708
8.075,1.8814774006927169
8.08,1.880620101633393
8.085,1.8461187091721276
8.09,1.7781770341090901
8.095,1.6776670092943695
8.1,1.5460942406050948
8.105,1.3855630622262198
8.11,1.1987454553992605
8.115,0.9888531869898143
8.12,0.7596069095442891
8.125,0.5151918681204802
8.13,0.26018931796201417
8.135,-0.0005232534294584509
8.14,-0.2619022299215156
8.145,-0.5188882991347306
8.15,-0.7665600661697701
8.155,-1.0002714428597772
8.16,-1.2157572790686468
8.165,-1.4092006136831317
8.17,-1.577265748032762
8.175,-1.717110107279303
8.18,-1.8263913234702847
8.185,-1.9032829903466273
8.19,-1.946504504795486
8.195,-1.9553606885631782
8.2,-1.9297793893715114
8.205,-1.8703328259480283
8.21,-1.7782316943009877
8.215,-1.6552882739228127
8.22,-1.5038527754852702
8.225,-1.3267327728837257
8.23,-1.1271069620906125
8.235,-0.9084419313720136
8.24,-0.6744160717333856
8.245,-0.42885076272290207
8.25,-0.17564736827926808
8.255,0.08127040560719027
8.26,0.3380069898889668
8.265,0.5907351203348817
8.27,0.8357237265131193
8.275,1.0693553817279646
8.28,1.288139961579355
8.285,1.4887343495648844
8.29,1.6679773422168465
8.295,1.8229437310480507
8.3,1.9510134660187777
8.305,2.0499441154239246
8.31,2.1179310833094585
8.315,2.1536423726690557
8.32,2.156222679994035
8.325,2.1252722828981208
8.33,2.060815144299846
8.335,1.9632740045162602
8.34,1.8334663263528377
8.345,1.6726252322479471
8.35,1.4824379937996865
8.355,1.2650860114356615
8.36,1.0232681092764957
8.365,0.7601941067494018
8.37,0.4795456296233413
8.375,0.18541156748520213
8.38,-0.11778799303100985
8.385,-0.4253756480525521
8.39,-0.7324808061649474
8.395,-1.0340954580284563
8.4,-1.3251303472781955
8.405,-1.6004826050011896
8.41,-1.8551221585044328
8.415,-2.0841963568689192
8.42,-2.2831441586251393
8.425,-2.447806860899601
8.43,-2.574523844843935
8.435,-2.6602084424651844
8.44,-2.702407544388562
8.445,-2.699354728840352
8.45,-2.6500272943745045
8.455,-2.554212004354856
8.46,-2.4125749238061367
8.465,-2.2267216985069895
8.47,-1.9992302439149088
8.475,-1.7336403865888628
8.48,-1.4343938260372864
8.485,-1.1067294248773907
8.49,-0.7565486370612236
8.495,-0.3902700177137364
8.5,-0.014688861065957102
8.505,0.36315029002724847
8.51,0.736070422527922
8.515,1.0968775274912204
8.52,1.4384859190699875
8.525,1.7540604698282436
8.53,2.0371751232767066
8.535,2.281979236903586
8.54,2.4833586313456784
8.545,2.637078202007451
8.55,2.739896917363507
8.555,2.7896516677552796
8.56,2.7853110498299585
8.565,2.7270020376488184
8.57,2.6160115544663904
8.575,2.4547626873235595
8.58,2.246763723933119
8.585,1.9965287755289314
8.59,1.7094715119589383
8.595,1.391777095273106
8.6,1.0502597408729215
8.605,0.6922129612935736
8.61,0.3252563791227089
8.615,-0.04282145020572059
8.62,-0.4042280574899508
8.625,-0.7513437878501493
8.63,-1.0769101788864053
8.635,-1.374223349225807
8.64,-1.6373193058086328
8.645,-1.8611348084034613
8.65,-2.041629228253011
8.655,-2.1758594614406745
8.66,-2.2620090278222853
8.665,-2.299380476116146
8.67,-2.288363998944904
8.675,-2.230393418159857
8.68,-2.1278945245764036
8.685,-1.9842231756258115
8.69,-1.803585174629263
8.695,-1.5909293397230786
8.7,-1.3518096980522727
8.705,-1.0922204593176945
8.71,-0.8184149553082118
8.715,-0.5367238155370614
8.72,-0.2533865957235391
8.725,0.02559450426875973
8.73,0.294577725862854
8.735,0.5483866782880419
8.74,0.7824043341271875
8.745,0.9926608815126867
8.75,1.1759146064836596
8.755,1.3297190458196138
8.76,1.4524663098264583
8.765,1.543397378358009
8.77,1.6025750225063091
8.775,1.6308217691487725
8.78,1.6296312397673296
8.785,1.6010640326896635
8.79,1.5476383531534599
8.795,1.4722218198279104
8.8,1.3779264127681465
8.805,1.2680055584908745
8.81,1.1457520844422306
8.815,1.0143979547423936
8.82,0.8770198187073266
8.825,0.7364565422253279
8.83,0.5952446962462983
8.835,0.4555753246850039
8.84,0.3192713471850588
8.845,0.18778148027127628
8.85,0.06218515184068043
8.855,-0.05679590649139377
8.86,-0.16878059712857116
8.865,-0.2737037579788639
8.87,-0.3717797653634134
8.875,-0.463450982498018
8.88,-0.5493205408646703
8.885,-0.6300729763902593
8.89,-0.706389661070096
8.895,-0.7788674133645695
8.9,-0.8479477284607739
8.905,-0.9138614013011241
8.91,-0.9765902439675049
8.915,-1.0358454111990096
8.92,-1.0910611612590895
8.925,-1.1414033948302598
8.93,-1.1857930650834345
8.935,-1.2229445040047604
8.94,-1.2514173908661554
8.945,-1.2696789016814394
8.95,-1.276170628026732
8.955,-1.2693743585284605
8.96,-1.2478724084503163
8.965,-1.2104014610449358
8.97,-1.1559024796823731
8.975,-1.0835714076158585
8.98,-0.9929147951068367
8.985,-0.8838110407637678
8.99,-0.7565728204929584
8.995,-0.6120016391586307
9.0,-0.45142342828418314
9.005,-0.2766959177427315
9.01,-0.09018376037574143
9.015,0.105295769038866
9.02,0.3065478415127842
9.025,0.5100846543683377
9.03,0.7122098227293484
9.035,0.9090977401363699
9.04,1.0968689991720668
9.045,1.271667300468184
9.05,1.4297440804932104
9.055,1.56755399083342
9.06,1.68185873685554
9.065,1.769831141804348
9.07,1.8291481934457625
9.075,1.858062728036589
9.08,1.8554480611357123
9.085,1.8208164159049811
9.09,1.754317739614602
9.095,1.6567280892827365
9.1,1.5294352049104185
9.105,1.3744239452900504
9.11,1.194258154924844
9.115,0.9920509870937954
9.12,0.7714148142866462
9.125,0.5363851878321735
9.13,0.291319686114936
9.135,0.04077946713654522
9.14,-0.21059380963495153
9.145,-0.45819221712338
9.15,-0.6975370518393821
9.155,-0.9243523105016591
9.16,-1.1346200739475025
9.165,-1.3246268196301791
9.17,-1.4910108555794488
9.175,-1.6308179708651438
9.18,-1.741566266878021
9.185,-1.8213142881587547
9.19,-1.8687215419559349
9.195,-1.883089118321071
9.2,-1.8643709173783818
9.205,-1.813152027737567
9.21,-1.7305980717728444
9.215,-1.6183854722843938
9.22,-1.4786256779423923
9.225,-1.3137955499638474
9.23,-1.126681797031686
9.235,-0.9203410899351
9.24,-0.6980713903059219
9.245,-0.4633860428112163
9.25,-0.2199814858663765
9.255,0.028307922541935326
9.26,0.2775695572485043
9.265,0.5238828638614692
9.27,0.76339262369243
9.275,0.9923761905863113
9.28,1.2072976617866142
9.285,1.4048462069854284
9.29,1.5819607892247185
9.295,1.7358474260359653
9.3,1.86399654892029
9.305,1.9642064698123944
9.31,2.0346151277028866
9.315,2.0737377121771305
9.32,2.0805042647773444
9.325,2.0542903285731757
9.33,1.9949355453308144
9.335,1.9027490216707033
9.34,1.778504665678229
9.345,1.6234326801529992
9.35,1.4392136699232345
9.355,1.2279791491117134
9.36,0.9923176011970228
9.365,0.7352804712343257
9.37,0.46037949361180996
9.375,0.17156684903547537
9.38,-0.12680712676662673
9.385,-0.4300587653102901
9.39,-0.7332532993086163
9.395,-1.0312961426753589
9.4,-1.3190247378857376
9.405,-1.5912954322836688
9.41,-1.8430645386985125
9.415,-2.069467195282902
9.42,-2.265899995990445
9.425,-2.4281126170635705
9.43,-2.5523100752560204
9.435,-2.6352622131021635
9.44,-2.674412464460231
9.445,-2.667975629674696
9.45,-2.615015105441829
9.455,-2.515493406763384
9.46,-2.3702945379454303
9.465,-2.1812210621939214
9.47,-1.9509711360743363
9.475,-1.6831007167034688
9.48,-1.3819740333718848
9.485,-1.052702421136003
9.49,-0.7010691423927642
9.495,-0.33343691081585924
9.5,0.043364226619624927
9.505,0.4221686854513838
9.51,0.7956241475575373
9.515,1.1563525840176603
9.52,1.4971177513253053
9.525,1.8109935958686167
9.53,2.0915287970217222
9.535,2.332903397506464
9.54,2.530073630540166
9.545,2.678900635803203
9.55,2.7762581986484296
9.555,2.8201146047486385
9.56,2.809584687266022
9.565,2.7449502209204337
9.57,2.627649511450566
9.575,2.4602394896900615
9.58,2.246334980160394
9.585,1.9905295832639562
9.59,1.6983009200595296
9.595,1.375900584564591
9.6,1.0302271158451768
9.605,0.6686796400867133
9.61,0.29899105124141145
9.615,-0.07095749713735662
9.62,-0.43333526724667604
9.625,-0.7805648441115317
9.63,-1.1055183520705478
9.635,-1.4016961207986822
9.64,-1.6633790130555917
9.645,-1.8857490617498338
9.65,-2.0649768727594826
9.655,-2.198277453210963
9.66,-2.2839380618712233
9.665,-2.321322163073615
9.67,-2.3108528601455425
9.675,-2.2539778298509194
9.68,-2.1531163742944472
9.685,-2.011588221955257
9.69,-1.8335233967360003
9.695,-1.6237528709967592
9.7,-1.3876807142426335
9.705,-1.1311398554587289
9.71,-0.860235172973882
9.715,-0.5811791673846267
9.72,-0.3001266941916296
9.725,-0.023015865986159113
9.73,0.24457793120940072
9.735,0.4975689991710689
9.74,0.7314651353420766
9.745,0.9424463363174146
9.75,1.12741855761951
9.755,1.2840442731674788
9.76,1.4107523381535994
9.765,1.5067295771718738
9.77,1.571895854914918
9.775,1.6068635749651239
9.78,1.6128820321686523
9.785,1.5917670896945162
9.79,1.5458172788737892
9.795,1.4777184067363824
9.8,1.3904397646996534
9.805,1.287125767597936
9.81,1.1709871859215653
9.815,1.045196127268873
9.82,0.9127887486687377
9.825,0.7765794860968316
9.83,0.6390903723250346
9.835,0.5024986069446217
9.84,0.3686046864944897
9.845,0.23882192780549044
9.85,0.11418620602861093
9.855,-0.004617418878370142
9.86,-0.11721616893458674
9.865,-0.2235046316950542
9.87,-0.32359808549067876
9.875,-0.41778653318274295
9.88,-0.5064892059577221
9.885,-0.5902070827351021
9.89,-0.6694702247412706
9.895,-0.7447779615206284
9.9,-0.8165329583989139
9.905,-0.8849739826589754
9.91,-0.9501153655398397
9.915,-1.0117023970397667
9.92,-1.06919045002304
9.925,-1.12175169500083
9.93,-1.1683079475026386
9.935,-1.207583164705651
9.94,-1.2381660322086472
9.945,-1.2585729783517043
9.95,-1.267304817879726
9.955,-1.262895002969323
9.96,-1.243952403517738
9.965,-1.2092048395455701
9.97,-1.1575500209582295
9.975,-1.0881179138865444
9.98,-1.0003437437306721
9.985,-0.8940455296921932
9.99,-0.7694960686628444
9.995,-0.6274780259362311
10.0,-0.46931269410363213
10.005,-0.29685744247646006
10.01,-0.1124724800915879
10.015,0.08103741990730783
10.02,0.2804975651583305
10.025,0.4824453546487758
10.03,0.6832127715442702
10.035,0.8790060466472075
10.04,1.065982826502085
10.045,1.2403296365806085
10.05,1.3983429596033878
10.055,1.5365158398917258
10.06,1.6516292299618591
10.065,1.740844356019007
10.07,1.8017902391952072
10.075,1.8326398665152808
10.08,1.8321695049750335
10.085,1.799797885624568
10.09,1.7356046758120192
10.095,1.640329957087487
10.1,1.515357707117298
10.105,1.3626863395322795
10.11,1.1848884347206916
10.115,0.9850604735888554
10.12,0.7667623316242922
10.125,0.5339460016319916
10.13,0.290873641120381
10.135,0.042026345417008004
10.14,-0.2079934877620191
10.145,-0.4545622913310195
10.15,-0.6931338245043341
10.155,-0.9193325550830754
10.16,-1.1290396940380036
10.165,-1.3184709414033235
10.17,-1.4842458158571852
10.175,-1.623448476916188
10.18,-1.7336792848027958
10.185,-1.8130954059626938
10.19,-1.8604381590422256
10.195,-1.875045006217885
10.2,-1.856845288959092
10.205,-1.8063407031202012
10.21,-1.7245734663635768
10.215,-1.6130864073785445
10.22,-1.4738792700782528
10.225,-1.3093643054323574
10.23,-1.1223221699068866
10.235,-0.9158570764490814
10.24,-0.6933489022937128
10.245,-0.45840007632965424
10.25,-0.21477651670123715
10.255,0.03365593046017508
10.26,0.2829961154157193
10.265,0.5293689189619686
10.27,0.7689795351682704
10.275,0.998158858289034
10.28,1.2134006262500379
10.285,1.4113930578363576
10.29,1.5890485771470104
10.295,1.7435345583292006
10.3,1.872306208106085
10.305,1.9731405829767623
10.31,2.0441692693779907
10.315,2.0839070728816953
10.32,2.0912751912254466
10.325,2.065619188840497
10.33,2.0067237027430123
10.335,1.9148263367196783
10.34,1.7906322840264697
10.345,1.6353291807148431
10.35,1.450599409532073
10.355,1.238625592543001
10.36,1.002085062225432
10.365,0.7441307558987826
10.37,0.4683585852883255
10.375,0.17876378886865663
10.38,-0.12030998797666104
10.385,-0.42422566474033246
10.39,-0.7281105695231397
10.395,-1.0269185758149397
10.4,-1.3154998588810303
10.405,-1.5886818056232337
10.41,-1.8413628328302565
10.415,-2.068617685447649
10.42,-2.265809424294807
10.425,-2.4287011229596858
10.43,-2.5535601684698475
10.435,-2.6372500364650513
10.44,-2.6773076413337735
10.445,-2.672007469139197
10.45,-2.620415371303457
10.455,-2.5224344436684496
10.46,-2.378843079005028
10.465,-2.1913221265220577
10.47,-1.9624655527099315
10.475,-1.6957682624866806
10.48,-1.395586249285532
10.485,-1.06706751448222
10.49,-0.7160560436954498
10.495,-0.3489741745216934
10.5,0.0273100461782236
10.505,0.405624634092193
10.51,0.7786407514317403
10.515,1.1390235513219735
10.52,1.4795865597135087
10.525,1.7934491332699238
10.53,2.074194852879113
10.535,2.316026387529724
10.54,2.5139104718229848
10.545,2.663706057627245
10.55,2.762269720492686
10.555,2.807534635355615
10.56,2.7985620163194636
10.565,2.735565901677837
10.57,2.6199129602685076
10.575,2.454098583076465
10.58,2.2416994368933887
10.585,1.987301698179672
10.59,1.6964040494625523
10.595,1.3752954868609673
10.6,1.0309098209536203
10.605,0.6706608447185399
10.61,0.3022638038656141
10.615,-0.06645042340610385
10.62,-0.42772220639540964
10.625,-0.7740456786991371
10.63,-1.0983424167209608
10.635,-1.3941224845401146
10.64,-1.6556293255241976
10.645,-1.8779650185399543
10.65,-2.0571925517740133
10.655,-2.1904122928258416
10.66,-2.275810821945611
10.665,-2.3126815498571394
10.67,-2.3014177036264085
10.675,-2.2434790117495726
10.68,-2.1413336533342937
10.685,-1.9983769459185008
10.69,-1.8188282204869355
10.695,-1.607607749091812
10.7,-1.3701965992324088
10.705,-1.1124836952473713
10.71,-0.8406056908107445
10.715,-0.560785946697249
10.72,-0.27917861050170495
10.725,-0.0017225477770733445
10.73,0.26599187677391695
10.735,0.5188417491781765
10.74,0.7522756742231602
10.745,0.9624021337183236
10.75,1.1460603110641157
10.755,1.3008704195621648
10.76,1.425260051628453
10.765,1.5184637062906226
10.77,1.5804945231146246
10.775,1.6120899010122696
10.78,1.6146353169472445
10.785,1.5900724737152112
10.79,1.5407984028440198
10.795,1.4695613340612181
10.8,1.3793574906961408
10.805,1.273331194883762
10.81,1.1546794088944485
10.815,1.0265614143816866
10.82,0.8920146427816699
10.825,0.7538783151400551
10.83,0.6147270529689867
10.835,0.476816671346458
10.84,0.34204393773067465
10.845,0.21192140128030953
10.85,0.08756777615762404
10.855,-0.03028601043396776
10.86,-0.1412751632982525
10.865,-0.2453640324044327
10.87,-0.34279463730691057
10.875,-0.4340226130720041
10.88,-0.5196439129297181
10.885,-0.6003169706374033
10.89,-0.6766858166135447
10.895,-0.7493094788544906
10.9,-0.8186018479209057
10.905,-0.8847844020043855
10.91,-0.9478523843180664
10.915,-1.007553799155534
10.92,-1.0633802600010047
10.925,-1.1145691724149338
10.93,-1.1601174890397494
10.935,-1.1988077279273284
10.94,-1.2292466663646706
10.945,-1.249916072529912
10.95,-1.2592333989293805
10.955,-1.2556191508148837
10.96,-1.2375671983581502
10.965,-1.2037148011229306
10.97,-1.1529102637303446
10.975,-1.084277303788127
10.98,-0.9972757145670794
10.985,-0.8917573886495401
10.99,-0.7680154075997844
10.995,-0.6268223617932804
11.0,-0.469453214890932
11.005,-0.29768853421712604
11.01,-0.11379588630960925
11.015,0.07950989635750905
11.02,0.27912403972731614
11.025,0.4816214900644537
11.03,0.6833336731412752
11.035,0.8804287453900134
11.04,1.068994182975197
11.045,1.245122657293714
11.05,1.4050028844869749
11.055,1.5450161019416397
11.06,1.661836402558504
11.065,1.752530368582381
11.07,1.8146495004114918
11.075,1.8463086984819237
11.08,1.8462456736983108
11.085,1.8138590047146008
11.09,1.7492255167130073
11.095,1.6530996345257183
11.1,1.5268977742660352
11.105,1.3726698384196714
11.11,1.1930582649999881
11.115,0.9912438865506783
11.12,0.7708778500487083
11.125,0.5360001709286436
11.13,0.290947583905725
11.135,0.0402552268229731
11.14,-0.21144257657744764
11.145,-0.4595079981401264
11.15,-0.6993894851520908
11.155,-0.9267056642693611
11.16,-1.1373250009627882
11.165,-1.327442892434261
11.17,-1.4936562958712303
11.175,-1.633033499267515
11.18,-1.7431744051540532
11.185,-1.8222558483265976
11.19,-1.8690575802099854
11.195,-1.8829673696256153
11.2,-1.863967199278985
11.205,-1.8126054626710093
11.21,-1.7299613035573511
11.215,-1.6176063928238542
11.22,-1.4775669524996526
11.225,-1.3122857999982136
11.23,-1.124581855373902
11.235,-0.9176038351223439
11.24,-0.6947759441705741
11.245,-0.4597357188221731
11.25,-0.21626673555193532
11.255,0.0317693708461975
11.26,0.2804968853965509
11.265,0.5260825251119512
11.27,0.7647831609936008
11.275,0.9929856044987444
11.28,1.207240763655611
11.285,1.4042948236162067
11.29,1.5811194745330293
11.295,1.7349420798329562
11.3,1.8632756299059923
11.305,1.9639477650137465
11.31,2.035128158137113
11.315,2.0753539069032017
11.32,2.083552944949379
11.325,2.0590655731058334
11.33,2.001663969238207
11.335,1.911569122433457
11.34,1.7894643160671466
11.345,1.6365042549357172
11.35,1.454319206428154
11.355,1.2450139171166579
11.36,1.0111612909180163
11.365,0.7557906578564215
11.37,0.4823699107929999
11.375,0.19478006319519714
11.38,-0.10271975062515659
11.385,-0.40553881313864315
11.39,-0.7088142091167501
11.395,-1.0074831587511481
11.4,-1.296367005010135
11.405,-1.5702644137587143
11.41,-1.8240507538378017
11.415,-2.052780656391388
11.42,-2.251791217341428
11.425,-2.4168038622834898
11.43,-2.544023217145705
11.435,-2.6302312683844953
11.44,-2.672874728860366
11.445,-2.6701430959242822
11.45,-2.621034674430221
11.455,-2.5254080021261354
11.46,-2.3840166261616127
11.465,-2.1985258365041003
11.47,-1.971510510709185
11.475,-1.7064334999739692
11.48,-1.4076040079711278
11.485,-1.080115381025147
11.49,-0.7297619184631563
11.495,-0.3629349327461523
11.5,0.013500642587949812
11.505,0.39234648461146027
11.51,0.7662241198196226
11.515,1.1277365414789584
11.52,1.469633374141804
11.525,1.7849750804103786
11.53,2.067292300333199
11.535,2.3107369509444
11.54,2.5102219570829223
11.545,2.661546400525739
11.55,2.7615026372189093
11.555,2.8079618294163176
11.56,2.79993462100933
11.565,2.737604434975057
11.57,2.622331968947484
11.575,2.456630642585226
11.58,2.2441137364236794
11.585,1.98941461549706
11.59,1.6980818098985917
11.595,1.3764510446407539
11.6,1.0314968187200164
11.605,0.670666953291209
11.61,0.30170457165218845
11.615,-0.06753704843997341
11.62,-0.42928075671636184
11.625,-0.7760070798626131
11.63,-1.1006259853887084
11.635,-1.3966350360953468
11.64,-1.6582613090714744
11.645,-1.8805851922366414
11.65,-2.0596442455017065
11.655,-2.1925148462377617
11.66,-2.2773687442393973
11.665,-2.3135014579299598
11.67,-2.30133005445059
11.675,-2.242359356640574
11.68,-2.1391177189973627
11.685,-1.9950656536608435
11.69,-1.8144821680255176
11.695,-1.6023343092318598
11.7,-1.3641350778419896
11.705,-1.105793920883245
11.71,-0.833462996641889
11.715,-0.5533818323158878
11.72,-0.27172311911064534
11.725,0.0055569076995115665
11.73,0.2728591873261511
11.735,0.5250688142942702
11.74,0.7576636540382129
11.745,0.9668009792508001
11.75,1.149380076146425
11.755,1.303080419470962
11.76,1.4263762914969462
11.765,1.5185293683676433
11.77,1.5795608660178522
11.775,1.6102046356526436
11.78,1.6118425290840979
11.785,1.5864237136485762
11.79,1.5363704483081855
11.795,1.4644739047348572
11.8,1.3737845315892439
11.805,1.267501840880375
11.81,1.1488681661183147
11.815,1.0210700113052986
11.82,0.8871494234314359
11.825,0.7499268061913288
11.83,0.6119360649129753
11.835,0.47537299556108187
11.84,0.34205818942431554
11.845,0.21341602751583988
11.85,0.09047119602663783
11.855,-0.026136638899696463
11.86,-0.13612072421976268
11.865,-0.23950000775577107
11.87,-0.3365405183948522
11.875,-0.42768977694287963
11.88,-0.5135086056613855
11.885,-0.5946039305899218
11.89,-0.6715650366240642
11.895,-0.744904678942771
11.9,-0.8150058362040059
11.905,-0.8820748619967839
11.91,-0.9461022501251846
11.915,-1.0068328789222774
11.92,-1.0637480713480187
11.925,-1.1160618020749915
11.93,-1.1627327731795782
11.935,-1.202492943250381
11.94,-1.2338916699293374
11.945,-1.2553532252664434
11.95,-1.2652443520171877
11.955,-1.2619479294402753
11.96,-1.2439387553618515
11.965,-1.2098578469874868
11.97,-1.158582349324135
11.975,-1.089288915768054
11.98,-1.0015091042025892
11.985,-0.8951757816572542
11.99,-0.7706596979165777
11.995,-0.6287953081005235
12.0,-0.47089470991560706
12.005,-0.29874837733589904
12.01,-0.11461138803850124
12.015,0.07882582283894214
12.02,0.2784824693241872
12.025,0.4809475296144838
12.03,0.6825533020778449
12.035,0.8794598616896213
12.04,1.0677473262596646
12.045,1.2435126915138206
12.05,1.4029681872078357
12.055,1.5425384770706014
12.06,1.6589543677100034
12.065,1.7493408486036088
12.07,1.8112972186934337
12.075,1.8429668652318758
12.08,1.8430941442385536
12.085,1.811065974303098
12.09,1.746936312391855
12.095,1.6514325952931415
12.1,1.5259443158719237
12.105,1.3724948898149447
12.11,1.193698613639775
12.115,0.9927047062947179
12.12,0.7731302336256755
12.125,0.5389833608662447
12.13,0.2945781458133352
12.135,0.04444219113828876
12.14,-0.20678103190524927
12.145,-0.45443264242413023
12.15,-0.6939383624573453
12.155,-0.9209045333686734
12.16,-1.1312068241861277
12.165,-1.3210691053874433
12.17,-1.4871310689524262
12.175,-1.6265042507175003
12.18,-1.7368168156452184
12.185,-1.8162476198714155
12.19,-1.8635497215509624
12.195,-1.878062948482485
12.2,-1.859714719749258
12.205,-1.8090083775337369
12.21,-1.7269989296319266
12.215,-1.615257188302171
12.22,-1.4758244614664076
12.225,-1.3111607831946335
12.23,-1.1240898435701074
12.235,-0.9177432181984542
12.24,-0.6955054112668411
12.245,-0.4609600236862918
12.25,-0.2178364900176309
12.255,0.030043398009992266
12.26,0.278819509458605
12.265,0.5246473745011022
12.27,0.7637507170795701
12.275,0.9924706078218453
12.28,1.2073095460750853
12.285,1.4049696513332495
12.29,1.582385357630272
12.295,1.7367521003543207
12.3,1.8655530415566557
12.305,1.9665856852674664
12.31,2.037989371841809
12.315,2.0782734514093715
12.32,2.086344878080468
12.325,2.0615334232672518
12.33,2.0036128362303383
12.335,1.9128169570317028
12.34,1.78985066439134
12.345,1.635896203055994
12.35,1.4526155758141932
12.355,1.2421492337370115
12.36,1.0071104441383125
12.365,0.7505738229487771
12.37,0.4760559685281823
12.375,0.1874861687901856
12.38,-0.11083421987973244
12.385,-0.41428412376879153
12.39,-0.7179862044441643
12.395,-1.0168800401088443
12.4,-1.3058033679967462
12.405,-1.579579827480557
12.41,-1.8331119359628119
12.415,-2.0614782300324466
12.42,-2.260033406639607
12.425,-2.4245098590626215
12.43,-2.5511183514845133
12.435,-2.636644954124777
12.44,-2.6785410043672124
12.445,-2.675002895344238
12.45,-2.6250388895632053
12.455,-2.5285207444958546
12.46,-2.38621850409431
12.465,-2.1998171952144396
12.47,-1.9719143404518895
12.475,-1.70599726675528
12.48,-1.4063993404131572
12.485,-1.0782346653631554
12.49,-0.7273115098380329
12.495,-0.3600256981087539
12.5,0.016763775027328225
12.505,0.3958738079325665
12.51,0.7699473370107305
12.515,1.131610841467314
12.52,1.473635622809418
12.525,1.7890994697520943
12.53,2.0715453801193444
12.535,2.315133840107821
12.54,2.514784805231957
12.545,2.6663051616463145
12.55,2.7664973018734917
12.555,2.8132447142191577
12.56,2.8055712280014924
12.565,2.7436716935735594
12.57,2.628913202526624
12.575,2.4638072201317622
12.58,2.251954004006343
12.585,1.9979613261288176
12.59,1.7073398366599732
12.595,1.3863775453873892
12.6,1.041996024290617
12.605,0.6815911925750472
12.61,0.3128619884277986
12.615,-0.056369184433316
12.62,-0.4183397429023633
12.625,-0.7655289752387918
12.63,-1.0908336688840385
12.635,-1.3877322312027418
12.64,-1.6504326373446112
12.645,-1.8740002006361876
12.65,-2.0544619576224
12.655,-2.1888852852081646
12.66,-2.2754291463372964
12.665,-2.313367068138518
12.67,-2.303081616588029
12.675,-2.246030799109332
12.68,-2.1446875549270956
12.685,-2.00245430180849
12.69,-1.8235553592493052
12.695,-1.6129108662567007
12.7,-1.375996428200029
12.705,-1.1186930471822858
12.71,-0.8471318642534139
12.715,-0.5675379180042508
12.72,-0.28607664645511016
12.725,-0.008706421393334657
12.73,0.2589598259052658
12.735,0.5117807876035851
12.74,0.7451974440519761
12.745,0.9553246918110219
12.75,1.1390205402253433
12.755,1.2939301462792752
12.76,1.4185032235671506
12.765,1.5119850713614027
12.77,1.574383277792417
12.775,1.606413633897126
12.78,1.6094296067913105
12.785,1.58533972753733
12.79,1.5365165915991477
12.795,1.4657002110229815
12.8,1.375897646311908
12.805,1.2702805373668338
12.81,1.1520824645722436
12.815,1.0244988359873766
12.82,0.8905928331406602
12.825,0.7532114206432976
12.83,0.6149152274312089
12.835,0.47792519062235167
12.84,0.34408744247741635
12.845,0.2148564188660524
12.85,0.09129498125744488
12.855,-0.025910281738246034
12.86,-0.1364204816279177
12.865,-0.24020425504899595
12.87,-0.3374874436441644
12.875,-0.4286941792708552
12.88,-0.5143814066675271
12.885,-0.595169598993756
12.89,-0.6716730853550735
12.895,-0.7444337054348955
12.9,-0.8138612689211111
12.905,-0.8801835822682448
12.91,-0.9434078614176434
12.915,-1.0032944970130142
12.92,-1.0593436151382343
12.925,-1.110794721057282
12.93,-1.1566397526677006
12.935,-1.1956498106409192
12.94,-1.2264154150459359
12.945,-1.2473992844315125
12.95,-1.256999503092008
12.955,-1.2536198782836931
12.96,-1.2357436653635039
12.965,-1.2020068837002988
12.97,-1.1512681253058237
12.975,-1.082672774441993
12.98,-0.9957104740178033
12.985,-0.8902651123324098
12.99,-0.7666564118003076
12.995,-0.6256715372945862
13.0,-0.468584408301726
13.005,-0.29716006741110645
13.01,-0.11364185464722211
13.015,0.07927970793658715
13.02,0.27851579551092603
13.025,0.4806438019918984
13.03,0.6819842956082789
13.035,0.8786868900540064
13.04,1.0668219197873838
13.045,1.242475581926322
13.05,1.4018468713537398
13.055,1.5413448072956897
13.06,1.6576840151155166
13.065,1.7479758933823393
13.07,1.8098117958045739
13.075,1.8413343495667807
13.08,1.841293490102423
13.085,1.8090849768560087
13.09,1.744770720800851
13.095,1.649081700305263
13.1,1.5234051232749755
13.105,1.3697576135725482
13.11,1.1907456888769115
13.115,0.9895140494189266
13.12,0.7696816933351867
13.125,0.5352659714651691
13.13,0.2905954716147357
13.135,0.040213850777300074
13.14,-0.21122202219641983
13.145,-0.4590454483917866
13.15,-0.6986805688650417
13.155,-0.9257367592353763
13.16,-1.1360943444815446
13.165,-1.3259804677071458
13.17,-1.4920348753363166
13.175,-1.6313657811794977
13.18,-1.7415958599099775
13.185,-1.8208980145290985
13.19,-1.8680201681750128
13.195,-1.8822982064303757
13.2,-1.8636564540565355
13.205,-1.812595650374263
13.21,-1.7301691091303633
13.215,-1.6179484014309229
13.22,-1.4779803342491686
13.225,-1.3127371695288959
13.23,-1.125061995322486
13.235,-0.9181110219217852
13.24,-0.6952944170740804
13.245,-0.4602171427516994
13.25,-0.21662108202012173
13.255,0.03167050358844658
13.26,0.28080549524367626
13.265,0.5269521466199063
13.27,0.7663451596352459
13.275,0.9953290297237838
13.28,1.2103991703546086
13.285,1.4082412007446807
13.29,1.5857685088844757
13.295,1.7401579024513634
13.3,1.8688829553924262
13.305,1.9697446248462016
13.31,2.040898853942847
13.315,2.0808811214776566
13.32,2.0886281399851536
13.325,2.0634970345304047
13.33,2.005282293987659
13.335,1.9142305741099568
13.34,1.791053100911176
13.345,1.6369350569978887
13.35,1.4535410156974968
13.355,1.2430152785179307
13.36,1.0079758983423057
13.365,0.7515012309785721
13.37,0.4771080268149078
13.375,0.18872031651571072
13.38,-0.10937137867392971
13.385,-0.41256070420419405
13.39,-0.7159859329140648
13.395,-1.0145999316130694
13.4,-1.3032491051650743
13.405,-1.5767605236015243
13.41,-1.830036097346981
13.415,-2.058152233232266
13.42,-2.2564629040278024
13.425,-2.420703569587541
13.43,-2.5470930040140307
13.435,-2.632429913157164
13.44,-2.674181326357426
13.445,-2.6705600936756833
13.45,-2.6205893127189483
13.455,-2.5241519986570307
13.46,-2.382024660594036
13.465,-2.195893593741824
13.47,-1.9683526841128889
13.475,-1.7028814918017194
13.48,-1.403802512317029
13.485,-1.0762169558854295
13.49,-0.7259191669560937
13.495,-0.3592908304147045
13.5,0.01682282583508383
13.505,0.3952517478899789
13.51,0.7686510822079178
13.515,1.1296587485406209
13.52,1.4710569022941296
13.525,1.7859337926317804
13.53,2.0678425552035824
13.535,2.310953295917747
13.54,2.5101944912583076
13.545,2.66137944463964
13.55,2.7613135315436663
13.555,2.8078784041996823
13.56,2.800090222104532
13.565,2.738130170017919
13.57,2.6233467511751627
13.575,2.4582303318104914
13.58,2.246361010680359
13.585,1.9923311224502633
13.59,1.7016437513396288
13.595,1.380588801521538
13.6,1.036098661333364
13.605,0.675586367464842
13.61,0.30677028321556976
13.615,-0.0625096357690207
13.62,-0.42447822155544485
13.625,-0.7716082390192458
13.63,-1.0967948984613172
13.635,-1.393517233615673
13.64,-1.655982841847005
13.645,-1.8792532856621644
13.65,-2.05934789520286
13.655,-2.1933238254827376
13.66,-2.2793302221477716
13.665,-2.316634523629726
13.67,-2.3056195060078686
13.675,-2.2477507249480597
13.68,-2.1455153926917796
13.685,-2.0023351660402304
13.69,-1.822456499591213
13.695,-1.6108229158267293
13.7,-1.37293371405564
13.705,-1.1146934189323654
13.71,-0.8422559024493746
13.715,-0.5618668450893983
13.72,-0.27970816938996157
13.725,-0.0017482603610676764
13.73,0.26639797946713734
13.735,0.5195951282257346
13.74,0.7532954678464966
13.745,0.9636262951419249
13.75,1.147454198694696
13.755,1.302425330066029
13.76,1.4269817715464739
13.765,1.5203549448097238
13.77,1.5825375694107267
13.775,1.6142360294487723
13.78,1.6168052653376073
13.785,1.5921685945765371
13.79,1.5427252375284963
13.795,1.471248753712722
13.8,1.3807799871545647
13.805,1.2745183627446504
13.81,1.1557153879852529
13.815,1.0275739784816815
13.82,0.8931567884765791
13.825,0.7553061751948148
13.83,0.6165778428519002
13.835,0.4791896521773183
13.84,0.34498655509027204
13.845,0.21542210190146843
13.85,0.0915564441780267
13.855,-0.02592978885791093
13.86,-0.1367069115533916
13.865,-0.24075458828204863
13.87,-0.33830935899766035
13.875,-0.4298037716445794
13.88,-0.5157998697279009
13.885,-0.5969199622232615
13.89,-0.6737777075544743
13.895,-0.7469125618982054
13.9,-0.816730541730719
13.905,-0.8834539911446966
13.91,-0.9470826028267144
13.915,-1.0073673338909805
13.92,-1.0637981474298148
13.925,-1.1156057949082778
13.93,-1.1617772333353031
13.935,-1.2010838108780857
13.94,-1.2321210629504133
13.945,-1.2533587849607875
13.95,-1.2631998981771617
13.955,-1.2600464151053237
13.96,-1.2423704967980989
13.965,-1.2087881980499926
13.97,-1.1581330990068648
13.975,-1.0895267348882602
13.98,-1.002442658446876
13.985,-0.8967611521874015
13.99,-0.7728120327269228
13.995,-0.6314035845686988
14.0,-0.47383632448130375
14.005,-0.30190093966069814
14.01,-0.11786030918116736
14.015,0.07558399924514825
14.02,0.2753399412261087
14.025,0.47798670086783523
14.03,0.6798482796246116
14.035,0.8770769790641165
14.04,1.0657444527692703
14.045,1.2419377499920872
14.05,1.4018576267425118
14.055,1.5419163562080787
14.06,1.6588323040131447
14.065,1.7497186115560512
14.07,1.8121634323129558
14.075,1.844299299038965
14.08,1.8448593995300613
14.085,1.8132188523889385
14.09,1.749419536106333
14.095,1.6541776319688533
14.1,1.5288737441059697
14.105,1.37552617091432
14.11,1.196748522246886
14.115,0.9956933292663693
14.12,0.7759835509270656
14.125,0.5416339730350102
14.13,0.296964498128117
14.135,0.04650732662885453
14.14,-0.2050899008215344
14.145,-0.45316277602841176
14.15,-0.6931281897050159
14.155,-0.9205792137854077
14.16,-1.1313742003473186
14.165,-1.3217176800935309
14.17,-1.4882310422037608
14.175,-1.6280115430825495
14.18,-1.738678826058458
14.185,-1.818408723303887
14.19,-1.8659545624112102
14.195,-1.8806564710844977
14.2,-1.8624392835028707
14.205,-1.811799670407866
14.21,-1.7297831328528033
14.215,-1.6179515944051799
14.22,-1.4783425334801088
14.225,-1.3134208958943618
14.23,-1.1260253486564988
14.235,-0.9193106861279761
14.24,-0.6966882938787433
14.245,-0.46176646640933383
14.25,-0.21829206939104576
14.255,0.02990540481989136
14.26,0.2789668232488361
14.265,0.525053299574845
14.27,0.7643931312088079
14.275,0.9933260553494637
14.28,1.2083450629013592
14.285,1.4061358855075192
14.29,1.5836141294278205
14.295,1.73795993782691
14.3,1.866650057662334
14.305,1.9674872661116078
14.31,2.038627235293046
14.315,2.078603023296951
14.32,2.0863474161234286
14.325,2.061213273060559
14.33,2.002991845938941
14.335,1.9119287840012953
14.34,1.7887372575860063
14.345,1.6346073966332513
14.35,1.451211090379105
14.355,1.2407011506120058
14.36,1.0057038902540734
14.365,0.7493042781354375
14.37,0.47502296112460335
14.375,0.18678457030827922
14.38,-0.11112315335167612
14.385,-0.4140997440832129
14.39,-0.7172920510937667
14.395,-1.0156638069727455
14.4,-1.304074234216932
14.405,-1.577364762029929
14.41,-1.8304524654149916
14.415,-2.058428419751581
14.42,-2.2566588425282426
14.425,-2.420886697623924
14.43,-2.547331356839381
14.435,-2.632783906817756
14.44,-2.6746957033142222
14.445,-2.6712577687499928
14.45,-2.621468597708422
14.455,-2.5251879151165046
14.46,-2.383173990818484
14.465,-2.197102324428101
14.47,-1.9695639219358299
14.475,-1.7040419875816355
14.48,-1.4048665940733038
14.485,-1.0771476770370603
14.49,-0.7266874260122654
14.495,-0.3598737442471671
14.5,0.016443094464158974
14.505,0.3950881152616301
14.51,0.7687108520187922
14.515,1.1299429763709106
14.52,1.4715608378613876
14.525,1.7866489990436614
14.53,2.068760501606121
14.535,2.312069413984979
14.54,2.5115112689796804
14.545,2.66290732795354
14.55,2.7630691642426246
14.555,2.8098807463985436
14.56,2.8023559085266134
14.565,2.740669733160505
14.57,2.626162912906664
14.575,2.46131863620621
14.58,2.2497120384736164
14.585,1.9959328529685154
14.59,1.705482626248728
14.595,1.384648706041509
14.6,1.0403580780941402
14.605,0.680014904536524
14.61,0.3113261932719129
14.615,-0.05787964937607521
14.62,-0.4198365497572561
14.625,-0.7670220422750251
14.63,-1.092331530007016
14.635,-1.389241173836723
14.64,-1.6519552652219038
14.645,-1.875534203446901
14.65,-2.0559995949697005
14.655,-2.1904135891377883
14.66,-2.2769303817360034
14.665,-2.3148188075633955
14.67,-2.3044559979095043
14.675,-2.24729306646797
14.68,-2.145794598485347
14.685,-2.003354304463767
14.69,-1.8241895878974252
14.695,-1.613218050262851
14.7,-1.375919216605234
14.705,-1.118185082259512
14.71,-0.8461634626450452
14.715,-0.5660985112395662
14.72,-0.28417304743022775
14.725,-0.006357394839810785
14.73,0.261730797428832
14.735,0.5149517932571901
14.74,0.7487508424124236
14.745,0.959244698474177
14.75,1.1432860165750018
14.755,1.2985047995995918
14.76,1.423326684201274
14.765,1.516968402695373
14.77,1.5794112848951078
14.775,1.6113542291885412
14.78,1.6141481909866309
14.785,1.5897148753380088
14.79,1.5404529043986512
14.795,1.4691351705430722
14.8,1.378801311034748
14.805,1.2726492221839265
14.81,1.1539292934033267
14.815,1.0258446497156632
14.82,0.8914602277223984
14.825,0.7536230465637646
14.83,0.6148956108426104
14.835,0.4775039946339715
14.84,0.3433017688617282
14.845,0.21375049892039627
14.85,0.08991701601013652
14.855,-0.02751295523511086
14.86,-0.13820591904801147
14.865,-0.24213827953674677
14.87,-0.3395429729980873
14.875,-0.4308479310807398
14.88,-0.5166094926793341
14.885,-0.5974439111507437
14.89,-0.6739599444389172
14.895,-0.7466952328608895
14.9,-0.8160588376747349
14.905,-0.8822819950331581
14.91,-0.9453788636139171
14.915,-1.0051187981464467
14.92,-1.0610114188949293
14.925,-1.1123054082528014
14.93,-1.158001501827563
14.935,-1.1968795413166327
14.94,-1.2275387575197356
14.945,-1.2484497349389252
14.95,-1.2580158769005352
14.955,-1.2546417339415827
14.96,-1.2368053299132504
14.965,-1.2031316142300554
14.97,-1.152464325402905
14.975,-1.083933780050262
14.98,-0.9970183163958893
14.985,-0.8915972723289644
14.99,-0.7679934719634649
14.995,-0.6270032907116739
15.0,-0.4699125548115443
15.005,-0.2984968857395175
15.01,-0.11500565744701238
15.015,0.07787053468186815
15.02,0.2770481794359325
15.025,0.4791134404445717
15.03,0.680396922109691
15.035,0.8770581083575802
15.04,1.0651768128792676
15.045,1.240848996919467
15.05,1.4002844088145896
15.055,1.539903583495609
15.06,1.65643175288415
15.065,1.7469871613901484
15.07,1.8091612132802684
15.075,1.8410878915329572
15.08,1.841500067017467
15.085,1.8097707080940286
15.09,1.7459375889449353
15.095,1.6507108066547964
15.1,1.525463144323777
15.105,1.3722039540104913
15.11,1.1935377089967139
15.115,0.9926086761739316
15.12,0.7730333279061458
15.125,0.5388222236648119
15.13,0.29429322044085027
15.135,0.043978061233545925
15.14,-0.20747536311238343
15.145,-0.45540253530000047
15.15,-0.6952209023910231
15.155,-0.9225248044218274
15.16,-1.133174184240431
15.165,-1.3233748794292968
15.17,-1.4897487792613402
15.175,-1.6293926519413253
15.18,-1.7399249284810978
15.185,-1.8195201175934854
15.19,-1.8669308120534258
15.195,-1.8814974606969912
15.2,-1.863146270521715
15.205,-1.8123758131486354
15.21,-1.7302331558636022
15.215,-1.6182806029492445
15.22,-1.4785543766625873
15.225,-1.3135167422124892
15.23,-1.1260031561387305
15.235,-0.919165989573014
15.24,-0.6964162713961652
15.245,-0.4613647496812308
15.25,-0.21776341629093865
15.255,0.03055150780770888
15.26,0.2797142804158582
15.265,0.5258813723860896
15.27,0.7652797870530017
15.275,0.9942517906955478
15.28,1.2092961544256946
15.285,1.4071062344868557
15.29,1.5846053418331485
15.295,1.7389798436836343
15.3,1.867710311913797
15.305,1.968600838780027
15.31,2.039806453690355
15.315,2.0798584598496253
15.32,2.0876874926388744
15.325,2.062644157418268
15.33,2.0045171666231805
15.335,1.9135488862534964
15.34,1.7904480669277245
15.345,1.636399274569511
15.35,1.453068209781226
15.355,1.242601811799859
15.36,1.0076218828129544
15.365,0.7512110026698364
15.37,0.47688973022439
15.375,0.18858444118034648
15.38,-0.10941446527917721
15.385,-0.4125039382599163
15.39,-0.7158289586039284
15.395,-1.0143521420410486
15.4,-1.3029317643110563
15.405,-1.5764075387373941
15.41,-1.8296931792543478
15.415,-2.057874355583389
15.42,-2.256310150854332
15.425,-2.4207356638373976
15.43,-2.547363056532397
15.435,-2.6329781927881446
15.44,-2.675030044988435
15.445,-2.6717102104706143
15.45,-2.6220201004696957
15.455,-2.525823580275659
15.46,-2.3838830325626263
15.465,-2.1978770197464104
15.47,-1.9703980003187282
15.475,-1.7049289688598401
15.48,-1.405798461833369
15.485,-1.0781140680608763
15.49,-0.727675324499707
15.495,-0.3608675697098998
15.5,0.015461103045685086
15.505,0.39413722584789246
15.51,0.7678107890455917
15.515,1.1291123812126391
15.52,1.4708152114797428
15.525,1.7859982756231514
15.53,2.068206611437848
15.535,2.3116043497761454
15.54,2.511116197520925
15.545,2.662553154754319
15.55,2.762718683621537
15.555,2.809492164451073
15.56,2.801887208886867
15.565,2.7400831579263656
15.57,2.6254288111820414
15.575,2.4604180953677233
15.58,2.2486380096052643
15.585,1.994689824903051
15.59,1.7040851944530018
15.595,1.3831195449238847
15.6,1.0387258236698933
15.605,0.6783123081428822
15.61,0.3095886820057393
15.615,-0.0596150846528307
15.62,-0.42153234249376076
15.625,-0.7686411106626438
15.63,-1.093838480369424
15.635,-1.3906035382616295
15.64,-1.6531445226723698
15.645,-1.876526308585354
15.65,-2.0567748635329903
15.655,-2.1909560288862675
15.66,-2.277226820371612
15.665,-2.314858334651689
15.67,-2.304230211326425
15.675,-2.2467973682606224
15.68,-2.1450303829404764
15.685,-2.0023314604827656
15.69,-1.8229284637646703
15.695,-1.6117500297185032
15.7,-1.3742853659085708
15.705,-1.116432867535488
15.71,-0.8443421297983237
15.715,-0.5642541587995558
15.72,-0.2823445433387228
15.725,-0.004574039471304173
15.73,0.26344949519756883
15.735,0.5165944934720911
15.74,0.7503116786004739
15.745,0.9607204904204865
15.75,1.1446742241828516
15.755,1.2998026279963912
15.76,1.4245312361631428
15.765,1.518077377917895
15.77,1.5804235960506574
15.775,1.612270072749265
15.78,1.6149684797664405
15.785,1.590440330641742
15.79,1.5410833363898089
15.795,1.4696694396590457
15.8,1.3792381758289578
15.805,1.272988868166472
15.81,1.154174988233775
15.815,1.0260038429306224
15.82,0.8915445737441309
15.825,0.753647219754291
15.83,0.6148752428080688
15.835,0.4774534059877749
15.84,0.3432322472820186
15.845,0.2136696576601267
15.85,0.0898293393522945
15.855,-0.027604738171101647
15.86,-0.13829930724477862
15.865,-0.24223003928351008
15.87,-0.33962922271178136
15.875,-0.4309253265816706
15.88,-0.5166771279910117
15.885,-0.597505262977198
15.89,-0.674024155532378
15.895,-0.7467772490767572
15.9,-0.8161782890073908
15.905,-0.8824610951252155
15.91,-0.9456398583333406
15.915,-1.0054815469996083
15.92,-1.0614915526100448
15.925,-1.1129132519707312
15.93,-1.1587416971056241
15.935,-1.197751136336215
15.94,-1.2285355069863937
15.945,-1.2495604416089658
15.95,-1.2592247528023148
15.955,-1.2559288851682155
15.96,-1.2381475173755763
15.965,-1.204503395991297
15.97,-1.1538395667705204
15.975,-1.0852873745473397
15.98,-0.9983278482809956
15.985,-0.8928443098038097
15.99,-0.7691642255774648
15.995,-0.6280884945142842
16.0,-0.47090659980497573
16.005,-0.2993964159984988
16.01,-0.1158079850336945
16.015,0.07716876945267478
16.02,0.27645170923599505
16.025,0.47862818506856825
16.03,0.6800289003862904
16.035,0.8768117013097652
16.04,1.0650528585731216
16.045,1.2408433040441649
16.05,1.4003872098557835
16.055,1.5401002085660356
16.06,1.656704452792393
16.065,1.747317653086839
16.07,1.8095332857539608
16.075,1.8414893863709052
16.08,1.8419237546283767
16.085,1.8102139518880602
16.09,1.7464010933944047
16.095,1.6511970310741126
16.1,1.5259750234867977
16.105,1.3727443771365506
16.11,1.1941098466499314
16.115,0.9932168569323405
16.12,0.7736839114874189
16.125,0.5395238991331032
16.13,0.2950563840688305
16.135,0.04481330414018262
16.14,-0.206559258896009
16.145,-0.45440048524375665
16.15,-0.6941327220622483
16.155,-0.9213554198361215
16.16,-1.1319329218124419
16.165,-1.3220742419170257
16.17,-1.488403268965267
16.175,-1.628018120630787
16.18,-1.7385386586288196
16.185,-1.8181414934199664
16.19,-1.8655821669420736
16.195,-1.880204595871764
16.2,-1.8619382529009298
16.205,-1.8112839160647958
16.21,-1.7292890899110234
16.215,-1.617514381850545
16.22,-1.4779922115661375
16.225,-1.3131792668568707
16.23,-1.1259041238434377
16.235,-0.9193114392608142
16.24,-0.6968040955928527
16.245,-0.461984619723393
16.25,-0.21859708359004038
16.255,0.02952947762521305
16.26,0.27853531862129094
16.265,0.5245813472332344
16.27,0.7638972792515324
16.275,0.9928264739379206
16.28,1.2078674988129772
16.285,1.4057125855298684
16.29,1.5832832164446347
16.295,1.7377631329890486
16.3,1.8666290817481073
16.305,1.967679601457074
16.31,2.039062089761225
16.315,2.079298265968
16.32,2.0873079751271137
16.325,2.0624310872157956
16.33,2.004447069904709
16.335,1.9135916859716844
16.34,1.7905701993507417
16.345,1.6365664542990426
16.35,1.4532471881367424
16.355,1.242760914031111
16.36,1.0077306469274292
16.365,0.7512396532041955
16.37,0.47680932380819124
16.375,0.1883682597397763
16.38,-0.10978822914157622
16.385,-0.4130487505377891
16.39,-0.7165467258910999
16.395,-1.0152312254416886
16.4,-1.3039469262871581
16.405,-1.5775219495432944
16.41,-1.8308620010953416
16.415,-2.0590490077051204
16.42,-2.2574422776539635
16.425,-2.421780080804659
16.43,-2.5482794040853856
16.435,-2.6337314873750715
16.44,-2.67559060326771
16.445,-2.67205345375708
16.45,-2.622126561385212
16.455,-2.5256791606135014
16.46,-2.383479351124421
16.465,-2.1972116393212544
16.47,-1.9694744361203118
16.475,-1.7037565687591565
16.48,-1.404392384336826
16.485,-1.0764955693309208
16.49,-0.7258723851963496
16.495,-0.3589156235507486
16.5,0.01751880005644058
16.505,0.39625009819110724
16.51,0.7699226560360448
16.515,1.1311643731546903
16.52,1.4727494844385118
16.525,1.7877618421776553
16.53,2.069754552753038
16.535,2.312901868335232
16.54,2.5121393269179264
16.545,2.6632883175696773
16.55,2.763161538513401
16.555,2.809646232080537
16.56,2.8017626298573766
16.565,2.739695709115291
16.57,2.6247991109001227
16.575,2.459570850245212
16.58,2.2476012109968484
16.585,1.9934939298026126
16.59,1.70276242856228
16.595,1.381703465387661
16.6,1.03725116084538
16.605,0.6768149277465563
16.61,0.3081053731531115
16.615,-0.061047292182103224
16.62,-0.4228774680367806
16.625,-0.7698659883526799
16.63,-1.0949146143714426
16.635,-1.3915085459463075
16.64,-1.6538627612557495
16.645,-1.8770485669635977
16.65,-2.057097360788737
16.655,-2.191079235241919
16.66,-2.277154675110468
16.665,-2.3145982400244893
16.67,-2.3037938069950212
16.675,-2.246201697117755
16.68,-2.144298820674856
16.685,-2.0014938086902396
16.69,-1.8220198950758044
16.695,-1.610809003171967
16.7,-1.3733510180781698
16.705,-1.1155425638981586
16.71,-0.8435297570668391
16.715,-0.5635494020623566
16.72,-0.2817729725825296
16.725,-0.0041575122936511905
16.73,0.2636926890006524
16.735,0.5166501365550299
16.74,0.7501708128488678
16.745,0.9603809488710436
16.75,1.144141952125866
16.755,1.299092259160032
16.76,1.423665633070109
16.765,1.5170861951247074
16.77,1.5793412269886666
16.775,1.6111334732643976
16.78,1.6138152869105074
16.785,1.589307472049616
16.79,1.540006073405746
16.795,1.468680626709675
16.8,1.3783675132256166
16.805,1.2722620560775992
16.81,1.153612868628149
16.815,1.0256217368805516
16.82,0.8913520131695957
16.825,0.7536481374576095
16.83,0.615068494902227
16.835,0.47783336117527464
16.84,0.343789169798081
16.845,0.21438975041326758
16.85,0.09069453916522106
16.855,-0.026616920594010166
16.86,-0.13721553895134586
16.865,-0.241080250159246
16.87,-0.3384450109998887
16.875,-0.4297379504186032
16.88,-0.5155155339657199
16.885,-0.5963946076107886
16.89,-0.6729850940277335
16.895,-0.7458259774148002
16.9,-0.8153270594094281
16.905,-0.8817187992562355
16.91,-0.9450123395717472
16.915,-1.0049715244846575
16.92,-1.0610983053667755
16.925,-1.112632391242152
16.93,-1.1585653611105247
16.935,-1.1976687698824164
16.94,-1.2285351205815531
16.945,-1.2496300101689481
16.95,-1.2593533280849127
16.955,-1.256107105016033
16.96,-1.2383674532990647
16.965,-1.2047579715615686
16.97,-1.1541219681024837
16.975,-1.0855908711252593
16.98,-0.9986462447134015
16.985,-0.8931729429058319
16.99,-0.7695011426167382
16.995,-0.6284353220131552
17.0,-0.4712686947132789
17.005,-0.29978214644258233
17.01,-0.11622730493181091
17.015,0.07670604457154628
17.02,0.27593744817852195
17.025,0.4780569552091097
17.03,0.6793983478857133
17.035,0.8761224553046468
17.04,1.0643082706560782
17.045,1.240049319509743
17.05,1.3995525033019365
17.055,1.5392364910959186
17.06,1.655826684475899
17.065,1.7464438582938016
17.07,1.8086837899596042
17.075,1.8406855169040053
17.08,1.841186273149906
17.085,1.8095616114340978
17.09,1.7458496812320288
17.095,1.6507590832266035
17.1,1.5256601518432482
17.105,1.3725599368237351
17.11,1.194061573516878
17.115,0.9933091542972264
17.12,0.7739196316123671
17.125,0.5399036736824607
17.13,0.2955777250564071
17.135,0.04546976487811145
17.14,-0.20577861510638673
17.145,-0.45351117764151694
17.15,-0.6931545077835657
17.155,-0.920311608212481
17.16,-1.1308494737727843
17.165,-1.3209787546204628
17.17,-1.4873238965571414
17.175,-1.6269824466033245
17.18,-1.7375725353182092
17.185,-1.8172678967167186
17.19,-1.8648201562224063
17.195,-1.8795684916770043
17.2,-1.8614371296285686
17.205,-1.8109214553545954
17.21,-1.7290637723034228
17.215,-1.6174199370457205
17.22,-1.4780182224788567
17.225,-1.313311835271194
17.23,-1.1261265448846651
17.235,-0.9196048777803384
17.24,-0.6971482907842153
17.245,-0.46235865508959756
17.25,-0.21898024910767966
17.255,0.02915672767541319
17.26,0.27819033747946
17.265,0.5242782536790311
17.27,0.7636459925970711
17.275,0.9926319525210492
17.28,1.207729336159797
17.285,1.4056251192668248
17.29,1.5832362584182287
17.295,1.737743324617719
17.3,1.8666217288662978
17.305,1.9676706870971765
17.31,2.0390400584829997
17.315,2.0792551733071694
17.32,2.087239726018055
17.325,2.062336727251951
17.33,2.0043273756063438
17.335,1.9134475301914917
17.34,1.7904012578751884
17.345,1.636370724485096
17.35,1.4530215294801698
17.355,1.2425024756523702
17.36,1.0074387349820075
17.365,0.750917421737302
17.37,0.4764647066345244
17.375,0.1880137877844352
17.38,-0.11013673946650637
17.385,-0.413374313452779
17.39,-0.716833556959877
17.395,-1.0154667713038585
17.4,-1.3041230927700505
17.405,-1.5776353235808491
17.41,-1.8309131464720858
17.415,-2.0590411383828475
17.42,-2.2573797197766834
17.425,-2.4216669171079697
17.43,-2.5481185846858176
17.435,-2.6335245409673407
17.44,-2.6753379408348885
17.445,-2.6717551511592323
17.45,-2.6217834428818536
17.455,-2.525293973572578
17.46,-2.383057812980455
17.465,-2.196763149653769
17.47,-1.969012286400991
17.475,-1.7032975570395197
17.48,-1.4039558485910086
17.485,-1.0761019714746596
17.49,-0.7255416751778261
17.495,-0.3586656562260143
17.5,0.01767355104552733
17.505,0.3962993774872317
17.51,0.7698607852445765
17.515,1.1309902099432223
17.52,1.4724661170543216
17.525,1.787376145785443
17.53,2.0692766781298477
17.535,2.3123446692469063
17.54,2.5115177005698874
17.545,2.6626184540495497
17.55,2.762460139820846
17.555,2.8089298310499173
17.56,2.8010471665067223
17.565,2.7389964746427506
17.57,2.6241310503423096
17.575,2.4589490646640098
17.58,2.247041383149432
17.585,1.99301237299921
17.59,1.7023755529820188
17.595,1.3814266467066014
17.6,1.0370972162204626
17.605,0.6767925692539932
17.61,0.30821805062784813
17.615,-0.06080185008905923
17.62,-0.4225069183331027
17.625,-0.7693823896408531
17.63,-1.0943331199091002
17.635,-1.3908461501302463
17.64,-1.6531373833367473
17.645,-1.8762785639370365
17.65,-2.0563013527449083
17.655,-2.190275987520365
17.66,-2.2763627670880946
17.665,-2.3138353615978984
17.67,-2.3030757100727595
17.675,-2.245541010903353
17.68,-2.1437040413773643
17.685,-2.000968757143023
17.69,-1.821563809738565
17.695,-1.6104172536793973
17.7,-1.3730162566143116
17.705,-1.1152560372712752
17.71,-0.8432825062911454
17.715,-0.5633331629506475
17.72,-0.2815807155770315
17.725,-0.003983670800717163
17.73,0.263852191482066
17.735,0.516797947539272
17.74,0.7503082248854966
17.745,0.9605079582987753
17.75,1.1442573048155031
17.755,1.2991934903008024
17.76,1.4237490972267641
17.765,1.5171470763145
17.77,1.5793735321361417
17.775,1.6111300463042748
17.78,1.6137679177116357
17.785,1.5892071880518563
17.79,1.539843672382082
17.795,1.468447435995366
17.8,1.3780562677062307
17.805,1.2718677138474719
17.81,1.1531331677423131
17.815,1.0250573567296646
17.82,0.8907063254673219
17.825,0.7529266709731525
17.83,0.6142783383245538
17.835,0.47698274439447574
17.84,0.3428873821343486
17.845,0.2134474021626786
17.85,0.08972400920629539
17.855,-0.02760111601068399
17.86,-0.13819672483838102
17.865,-0.24204008009120456
17.87,-0.3393644440742086
17.875,-0.4305985152559699
17.88,-0.5163005632026423
17.885,-0.597090128923306
17.89,-0.6735801837773663
17.895,-0.7463125745988469
17.9,-0.8156994260830956
17.905,-0.8819729255895353
17.91,-0.9451455845705643
17.915,-1.0049826621527795
17.92,-1.0609879608531292
17.925,-1.112403676840159
17.93,-1.1582244265205681
17.935,-1.1972250003873057
17.94,-1.2280008396758206
17.945,-1.249019717957883
17.95,-1.258682663019975
17.955,-1.2553917941658599
17.96,-1.2376224894195471
17.965,-1.2039971410490575
17.97,-1.153357704248977
17.975,-1.0848342855207715
17.98,-0.9979071449055459
17.985,-0.8924596908652718
17.99,-0.7688203214359959
17.995,-0.6277913055077803
18.0,-0.4706632995260177
18.005,-0.2992145516094663
18.01,-0.11569434704015122
18.015,0.07720921912386673
18.02,0.27641651562820824
18.025,0.47851754227245485
18.03,0.6798453524425396
18.035,0.8765596689065469
18.04,1.0647382864225148
18.045,1.2404735997086396
18.05,1.3999714334398168
18.055,1.5396492808282873
18.06,1.6562310749804257
18.065,1.7468357180344805
18.07,1.8090567732702552
18.075,1.8410309818219575
18.08,1.8414935945430722
18.085,1.8098189045049766
18.09,1.7460448155930153
18.095,1.6508807714868756
18.1,1.525698876372933
18.105,1.3725085413806966
18.11,1.193915467422718
18.115,0.9930662083636351
18.12,0.7735799365420655
18.125,0.5394693496141229
18.13,0.2950529114263581
18.135,0.04486080940849267
18.14,-0.20646286504425235
18.145,-0.4542591525869491
18.15,-0.6939519388962291
18.155,-0.9211419062067542
18.16,-1.1316944666036755
18.165,-1.3218196766508339
18.17,-1.4881424512520671
18.175,-1.627761756160129
18.18,-1.7382978417325012
18.185,-1.8179269648029048
18.19,-1.8654034144234317
18.195,-1.880068999928517
18.2,-1.8618504706878647
18.205,-1.8112456136456507
18.21,-1.729299015445391
18.215,-1.6175686772706885
18.22,-1.4780848269827693
18.225,-1.3133023779748632
18.23,-1.1260485315271853
18.235,-0.9194670066756807
18.24,-0.6969603108888723
18.245,-0.46213134354291263
18.25,-0.21872546378924132
18.255,0.029426031433309584
18.26,0.27846027117949257
18.265,0.5245344657134333
18.27,0.7638744913083331
18.275,0.9928202154603598
18.28,1.207867525511264
18.285,1.4057071517253277
18.29,1.5832604765977998
18.295,1.7377125923775265
18.3,1.8665429052046567
18.305,1.9675535838130442
18.31,2.0388961110181563
18.315,2.079096116234249
18.32,2.08707654851901
18.325,2.0621790971740124
18.33,2.0041835902225826
18.335,1.9133249142465547
18.34,1.790306819850781
18.345,1.6363118246241974
18.35,1.4530063173040855
18.355,1.2425399152588774
18.36,1.007538137211632
18.365,0.7510875211081115
18.37,0.4767124336556983
18.375,0.1883429711140073
18.38,-0.10972647009385587
18.385,-0.41288817468859584
18.39,-0.716281641741866
18.395,-1.0148634195840374
18.4,-1.3034857063959007
18.405,-1.5769828562216845
18.41,-1.8302645735829863
18.415,-2.0584142079395567
18.42,-2.2567901981030376
18.425,-2.421128397008559
18.43,-2.5476427576727736
18.435,-2.6331217024750067
18.44,-2.6750174394107167
18.445,-2.6715255285960047
18.45,-2.6216521299097426
18.455,-2.5252665653024993
18.46,-2.3831370962879985
18.465,-2.196948142985689
18.47,-1.969297555399315
18.475,-1.7036729920997464
18.48,-1.4044069655285008
18.485,-1.0766106698915177
18.49,-0.7260873020931079
18.495,-0.35922619620706
18.5,0.017120308487091018
18.505,0.39577478266353694
18.51,0.7693844172222534
18.515,1.1305791108554493
18.52,1.4721341745257026
18.525,1.7871336464795398
18.53,2.0691300707641647
18.535,2.312296565754593
18.54,2.5115671047228245
18.545,2.662761152101673
18.55,2.7626891444584016
18.555,2.809235763993602
18.56,2.8014185071609146
18.565,2.7394196801481874
18.57,2.624590634739345
18.575,2.4594277739711137
18.58,2.2475205927848543
18.585,1.9934727628911675
18.59,1.7027980104647502
18.595,1.3817932521061769
18.6,1.0373921237057189
18.605,0.677002627725374
18.61,0.30833310540185427
18.615,-0.060788914454272744
18.62,-0.4226002435516249
18.625,-0.7695831487063188
18.63,-1.0946393582252578
18.635,-1.3912524830029365
18.64,-1.6536346979726764
18.645,-1.876853946905482
18.65,-2.0569384428171165
18.655,-2.1909558390610853
18.66,-2.2770651417082415
18.665,-2.314540211490237
18.67,-2.3037645388720716
18.675,-2.246197831073267
18.68,-2.1443157804404622
18.685,-2.0015251469935724
18.69,-1.8220569524757602
18.695,-1.610841132501389
18.7,-1.3733664254840305
18.705,-1.1155295983914773
18.71,-0.8434783266606602
18.715,-0.5634521590085629
18.72,-0.28162599904712904
18.725,-0.003960411015413765
18.73,0.2639372048956208
18.735,0.5169369228526101
18.74,0.7504929691358679
18.745,0.9607302745685936
18.75,1.1445090976228012
18.755,1.2994666308048455
18.76,1.4240352191142118
18.765,1.5174375175198254
18.77,1.5796595854604727
18.775,1.6114035538425997
18.78,1.6140220930089826
18.785,1.5894374392689077
18.79,1.5400481757109161
18.795,1.4686272812272507
18.8,1.3782151376226293
18.805,1.2720112098892014
18.81,1.1532679974326667
18.815,1.0251906161570685
18.82,0.8908450408732547
18.825,0.7530776396597199
18.83,0.6144481825097802
18.835,0.4771780114074404
18.84,0.3431145175204366
18.845,0.213712485024711
18.85,0.0900322411273017
18.855,-0.027246077922941384
18.86,-0.13779343985328918
18.865,-0.2415898447351218
18.87,-0.3388715497740532
18.875,-0.43007019969745913
18.88,-0.5157466790308907
18.885,-0.5965225973276738
18.89,-0.6730123156705204
18.895,-0.7457583358479932
18.9,-0.8151727092262104
18.905,-0.8814868799210112
18.91,-0.9447120524205957
18.915,-1.0046117660942786
18.92,-1.0606878752503721
18.925,-1.1121805916783312
18.93,-1.1580826742554309
18.935,-1.1971672788010599
18.94,-1.2280284407077393
18.945,-1.2491326762622095
18.95,-1.25887977105152
18.955,-1.2556704835544807
18.96,-1.237978633242995
18.965,-1.2044248687671415
18.97,-1.153849327264386
18.975,-1.0853804048165425
18.98,-0.9984969630014636
18.985,-0.8930814958097602
18.99,-0.7694620684221763
18.995,-0.6284412035749463
19.0,-0.4713103188469815
19.005,-0.2998487945499711
19.01,-0.11630726219535376
19.015,0.07662476757519061
19.02,0.2758662880988743
19.025,0.47800602826756405
19.03,0.6793758954012638
19.035,0.8761345766346598
19.04,1.0643589063954544
19.045,1.2401403547637482
19.05,1.3996838293829643
19.055,1.5394059102767317
19.06,1.6560296479113334
19.065,1.746673146285122
19.07,1.8089293233711605
19.075,1.8409344913625316
19.08,1.8414237282065904
19.085,1.8097714141964896
19.09,1.7460157694803569
19.095,1.650866728999116
19.1,1.5256970045657003
19.105,1.372516683873129
19.11,1.1939321828161236
19.115,0.9930907883654421
19.12,0.7736123995280811
19.125,0.5395103926917858
19.13,0.2951038030684524
19.135,0.04492321994681494
19.14,-0.20638707057955666
19.145,-0.454168107900152
19.15,-0.6938438933803437
19.155,-0.9210152176076877
19.16,-1.1315474628720883
19.165,-1.3216504354904237
19.17,-1.4879485932844978
19.175,-1.6275403658171768
19.18,-1.7380456067164414
19.185,-1.8176405637309996
19.19,-1.865080102344804
19.195,-1.8797072709614122
19.2,-1.8614506421793222
19.205,-1.81081019041524
19.21,-1.7288327509468029
19.215,-1.6170783295976945
19.22,-1.4775786825416841
19.225,-1.3127896593276636
19.23,-1.1255388071039147
19.235,-0.9189696848669991
19.24,-0.6964842491063573
19.245,-0.46168455800171737
19.25,-0.21831490547249224
19.255,0.029794660902988847
19.26,0.27878266319438844
19.265,0.5248077800803751
19.27,0.7640973252495475
19.275,0.9929924425804264
19.28,1.2079900157822696
19.285,1.4057814235688573
19.29,1.5832883596789875
19.295,1.737695982149754
19.3,1.8664836655477075
19.305,1.9674536112318044
19.31,2.0387575281674972
19.315,2.0789215288760867
19.32,2.0868692869145895
19.325,2.061943370310703
19.33,2.0039245025507895
19.335,1.9130483212272438
19.34,1.7900190246283627
19.345,1.6360191420153243
19.35,1.4527145543660678
19.355,1.2422538404361883
19.36,1.0072610287386878
19.365,0.7508208916465089
19.37,0.47645601246733205
19.375,0.18809498231728408
19.38,-0.10996875986762764
19.385,-0.41312773785114904
19.39,-0.7165209547062039
19.395,-1.0151038825504155
19.4,-1.303727356816889
19.405,-1.577224437774252
19.41,-1.8305039230995894
19.415,-2.0586488327834807
19.42,-2.2570178658221574
19.425,-2.4213475644909583
19.43,-2.5478527256045975
19.435,-2.6333224714795254
19.44,-2.6752093356450817
19.445,-2.67170872948805
19.45,-2.621826238131878
19.455,-2.5254303511780734
19.46,-2.383288470715929
19.465,-2.1970843569794534
19.47,-1.9694155686876453
19.475,-1.7037699232794594
19.48,-1.4044805308007509
19.485,-1.076659529951927
19.49,-0.7261112590859224
19.495,-0.3592262094543519
19.5,0.017142289403331578
19.505,0.3958161359492357
19.51,0.7694422531685551
19.515,1.1306506714634277
19.52,1.4722171301912257
19.525,1.7872262124471432
19.53,2.069230916477336
19.535,2.312404558479732
19.54,2.5116809920621197
19.545,2.6628793199905183
19.55,2.762809569750189
19.555,2.8093562135203727
19.56,2.8015369392106546
19.565,2.739534715801776
19.57,2.6247019229978066
19.575,2.4595360987345187
19.58,2.24762765783249
19.585,1.993580712021855
19.59,1.7029088463971926
19.595,1.3819083646565171
19.6,1.037512102059388
19.605,0.6771274232946355
19.61,0.3084624716085768
19.615,-0.06065489505274106
19.62,-0.4224607775362499
19.625,-0.7694366781697427
19.63,-1.094483891829148
19.635,-1.3910862148454943
19.64,-1.6534566976091631
19.645,-1.8766646662742776
19.65,-2.0567398464989175
19.655,-2.1907511001423887
19.66,-2.2768580036103447
19.665,-2.314334235210717
19.67,-2.3035624902379723
19.675,-2.246001402799499
19.68,-2.1441257153149156
19.685,-2.0013416831856174
19.69,-1.8218804054558055
19.695,-1.610672397629889
19.7,-1.3732072361612155
19.705,-1.1153824799661636
19.71,-0.8433463004109519
19.715,-0.5633383287546133
19.72,-0.28153316960876523
19.725,-0.003890844686349526
19.73,0.263981864435184
19.735,0.5169556034765511
19.74,0.7504850841772699
19.745,0.9606956753281661
19.75,1.1444480988253192
19.755,1.29938008812841
19.76,1.4239245984580717
19.765,1.517304889739734
19.77,1.5795075085787778
19.775,1.6112348520126265
19.78,1.6138395848964484
19.785,1.5892436885100738
19.79,1.5398453252294206
19.795,1.4684169984333162
19.8,1.377998656039577
19.805,1.2717894232655542
19.81,1.1530415565219245
19.815,1.0249599958763487
19.82,0.8906105755057269
19.825,0.7528395502904317
19.83,0.614206630942268
19.835,0.4769332040098811
19.84,0.34286685652161214
19.845,0.21346273634493923
19.85,0.08978167032321936
19.855,-0.027495648349505814
19.86,-0.13803967789664573
19.865,-0.24183005565061988
19.87,-0.3391028863534565
19.875,-0.4302898819894531
19.88,-0.5159521691628451
19.885,-0.5967116919299693
19.89,-0.6731831459803359
19.895,-0.7459092948123641
19.9,-0.815302347248464
19.905,-0.8815938204406811
19.91,-0.9447949730780161
19.915,-1.004669472146231
19.92,-1.0607194634897505
19.925,-1.112185671999851
19.93,-1.1580615902947278
19.935,-1.1971212569021956
19.94,-1.2279596038699225
19.945,-1.2490438880372718
19.95,-1.2587743184125004
19.955,-1.2555516558337516
19.96,-1.2378492909066996
19.965,-1.2042871069661323
19.97,-1.1537043177944295
19.975,-1.0852284503978904
19.98,-0.9983377347905937
19.985,-0.8929143703884651
19.99,-0.7692864543114132
19.995,-0.628256760051931
20.0,-0.4711170173216318
20.005,-0.2996468369354788
20.01,-0.1160969263544371
20.015,0.07684326041140575
20.02,0.27609280502547107
20.025,0.4782404264619127
20.03,0.6796178273284872
20.035,0.8763832801977146
20.04,1.0646130742143298
20.045,1.240398147965718
20.05,1.3999430427870552
20.055,1.5396642324625625
20.06,1.6562849185898543
20.065,1.7469235125029534
20.07,1.8091732361197173
20.075,1.8411705483843075
20.08,1.8416504302232417
20.085,1.8099869349092799
20.09,1.7462178314093526
20.095,1.651052632272262
20.1,1.5258637942937243
20.105,1.372661390205248
20.11,1.1940520472682485
20.115,0.9931834073045642
20.12,0.7736757607823029
20.125,0.539542832446509
20.13,0.29510394421934877
20.135,0.04488995547405969
20.14,-0.20645451434591283
20.145,-0.4542700383786737
20.15,-0.6939799993935086
20.155,-0.9211844640149267
20.16,-1.1317480839743976
20.165,-1.3218800405760895
20.17,-1.4882043530180613
20.175,-1.627819217017977
20.18,-1.7383444084615858
20.185,-1.817956160493309
20.19,-1.8654092889981277
20.195,-1.880046692664483
20.2,-1.861796683933959
20.205,-1.8111589095454208
20.21,-1.7291798847006588
20.215,-1.6174193812604547
20.22,-1.477909066161821
20.225,-1.3131048738081723
20.23,-1.1258346150619678
20.235,-0.9192422831143434
20.24,-0.6967304261486071
20.245,-0.46190183321180756
20.25,-0.2185016352327809
20.255,0.029639235360088115
20.26,0.27865845334395073
20.265,0.5247139866940486
20.27,0.7640326602159376
20.275,0.9929553905022962
20.28,1.207979068279758
20.285,1.4057952197154577
20.29,1.5833256922285601
20.295,1.737755673626019
20.3,1.8665643645254946
20.305,1.9675535887704407
20.31,2.0388745547697416
20.315,2.0790528825742576
20.32,2.087011894580009
20.325,2.062094036283991
20.33,2.0040801501611085
20.335,1.9132061744221456
20.34,1.7901766868552769
20.345,1.6361745742068192
20.35,1.4528659943185411
20.355,1.2423997255403618
20.36,1.0073999757771703
20.365,0.7509517559872385
20.37,0.4765780085767773
20.375,0.1882078152623365
20.38,-0.1098648133358632
20.385,-0.4130318460366756
20.39,-0.7164318599965336
20.395,-1.015020118325218
20.4,-1.3036474973316063
20.405,-1.5771473142076948
20.41,-1.830428748589854
20.415,-2.0585752061037366
20.42,-2.256945658239444
20.425,-2.42127672698421
20.43,-2.547783075549446
20.435,-2.6332535242354624
20.44,-2.675140236113241
20.445,-2.67163831388646
20.45,-2.6217532219926647
20.455,-2.5253536033174027
20.46,-2.383207303761071
20.465,-2.1969987521714938
20.47,-1.9693262627655108
20.475,-1.7036783192385963
20.48,-1.4043884452624047
20.485,-1.076568843288171
20.49,-0.7260235719954897
20.495,-0.3591426155938489
20.5,0.01722123726471496
20.505,0.39589025172503284
20.51,0.7695113942686472
20.515,1.1307143831983923
20.52,1.4722743924322148
20.525,1.7872753918501796
20.53,2.0692699554385388
20.535,2.31243134455515
20.54,2.5116937821274905
20.545,2.6628770699391664
20.55,2.7627920540303674
20.555,2.809323897893576
20.56,2.801490664598078
20.565,2.739475323642332
20.57,2.624629973720021
20.575,2.4594517954790382
20.58,2.2475310026424413
20.585,1.993471825234842
20.59,1.7027883109069444
20.595,1.3817774432350634
20.6,1.0373727238133281
20.605,0.6769819255258526
20.61,0.30831317978015355
20.615,-0.06080610226418607
20.62,-0.4226127641374295
20.625,-0.7695891060291032
20.63,-1.0946370235325742
20.635,-1.39124054463463
20.64,-1.65361254932305
20.645,-1.876821901195389
20.65,-2.0568977744886325
20.655,-2.190908606069884
20.66,-2.277013820467358
20.665,-2.3144872457277263
20.67,-2.3037119366164216
20.675,-2.246146926520695
20.68,-2.1442672165402556
20.685,-2.001479055017861
20.69,-1.8220132385706638
20.695,-1.6107997536414855
20.7,-1.3733275566084209
20.705,-1.1154936470425054
20.71,-0.8434458155124356
20.715,-0.5634235426996419
20.72,-0.28160149262807643
20.725,-0.003939883511772706
20.73,0.2639542602709268
20.735,0.5169513667022823
20.74,0.750505978986509
20.745,0.9607433130992747
20.75,1.1445238721106017
20.755,1.2994850009669527
20.76,1.4240590073260615
20.765,1.5174682060508602
20.77,1.579697940084575
20.775,1.6114492675539784
20.78,1.6140735695071269
20.785,1.589491815076232
20.79,1.540101613583813
20.795,1.4686754781483427
20.8,1.378253912954245
20.805,1.2720370061133934
20.81,1.1532781537482906
20.815,1.0251833560981984
20.82,0.8908192190217705
20.825,0.7530323791905565
20.83,0.6143825707145704
20.835,0.4770909907896161
20.84,0.343005027822911
20.845,0.2135798097683356
20.85,0.08987643117595452
20.855,-0.027423860603522334
20.86,-0.1379907832333165
20.865,-0.24180319962373303
20.87,-0.3390965502862457
20.875,-0.4303020784097247
20.88,-0.5159806433157517
20.885,-0.5967540652848328
20.89,-0.6732369781098301
20.895,-0.7459720854034113
20.9,-0.8153715290112611
20.905,-0.8816667938363817
20.91,-0.9448692067900073
20.915,-1.004742653680628
20.92,-1.0607896524833673
20.925,-1.1122514009231876
20.93,-1.158121877636088
20.935,-1.1971755370800812
20.94,-1.2280076171218115
20.945,-1.2490855930342037
20.95,-1.2588098798448086
20.955,-1.2555815222216946
20.96,-1.2378743306296625
20.965,-1.20430873462829
20.97,-1.1537245357497259
20.975,-1.0852497563089365
20.98,-0.9983628954349725
20.985,-0.8929461139574042
20.99,-0.7693271660763416
20.995,-0.6283082656120718
21.0,-0.4711805040213529
21.005,-0.2997229117146652
21.01,-0.11618575908873617
21.015,0.07674178523961013
21.02,0.27597899916982116
21.025,0.4781148076819092
21.03,0.6794812177857071
21.035,0.8762369441193409
21.04,1.0644588294398005
21.045,1.2402383976519702
21.05,1.3997807056854368
21.055,1.5395025877826887
21.06,1.6561274087909006
21.065,1.7467735546855352
21.07,1.8090340798228426
21.075,1.8410451927863603
21.08,1.841541589097227
21.085,1.809897023322308
21.09,1.7461489480712835
21.095,1.6510065226341821
21.1,1.5258417945023015
21.105,1.3726643631402176
21.11,1.1940803249488419
21.115,0.9932367497305356
21.12,0.7737533342288949
21.125,0.5396432054332927
21.13,0.295225099513014
21.135,0.04502932054581898
21.14,-0.20630001179687527
21.145,-0.45410388293001686
21.15,-0.6938059667923016
21.155,-0.9210064737878677
21.16,-1.1315700413462346
21.165,-1.3217056863859635
21.17,-1.4880371364234801
21.175,-1.6276621968890328
21.18,-1.7382001803955467
21.185,-1.817826802395687
21.19,-1.8652963214116387
21.195,-1.8799510582729286
21.2,-1.8617187581300116
21.205,-1.8110985542988498
21.21,-1.7291365480718035
21.215,-1.6173922272769652
21.22,-1.4778971021657596
21.225,-1.3131070344692861
21.23,-1.1258497708249156
21.235,-0.9192691657745728
21.24,-0.6967674974459722
21.245,-0.46194715050729357
21.25,-0.21855277860151096
21.255,0.029585124439335562
21.26,0.27860450667259895
21.265,0.5246633458842836
21.27,0.7639881784669392
21.275,0.992919375271524
21.28,1.2079531249839888
21.285,1.405780219640943
21.29,1.5833218446262471
21.295,1.7377626501143695
21.3,1.8665814158729679
21.305,1.9675796119016808
21.31,2.038908102342407
21.315,2.0790921427102185
21.32,2.087054688565943
21.325,2.062137878686108
21.33,2.0041223909202937
21.335,1.9132442076012346
21.34,1.7902081812797481
21.345,1.6361976697718632
21.35,1.4528794183988845
21.355,1.2424028111900685
21.36,1.0073925950048137
21.365,0.7509342042362285
21.37,0.47655088251302247
21.375,0.1881719151130602
21.38,-0.10990854592972642
21.385,-0.41308236276158483
21.39,-0.7164880306202192
21.395,-1.0150807598618117
21.4,-1.3037114107154064
21.405,-1.5772133199808516
21.41,-1.8304957086354194
21.415,-2.0586420239567484
21.42,-2.2570112628734047
21.425,-2.421340056920082
21.43,-2.547843084249632
21.435,-2.6333092205941293
21.44,-2.6751907580579375
21.445,-2.6716830162302325
21.45,-2.621791750457222
21.455,-2.5253859304383663
21.46,-2.383233718142795
21.465,-2.197019812979241
21.47,-1.969342746209859
21.475,-1.7036911849957028
21.48,-1.404398836494781
21.485,-1.0765781100768392
21.49,-0.7260332857977695
21.495,-0.3591545333075993
21.5,0.01720529061984392
21.505,0.3958685850322701
21.51,0.7694827057461304
21.515,1.130678010533124
21.52,1.4722304907115544
21.525,1.7872249879436626
21.53,2.069214861781789
21.535,2.3123739557347127
21.54,2.5116368092937993
21.545,2.662823279684616
21.55,2.7627440669441405
21.555,2.809284073570458
21.56,2.8014610665761186
21.565,2.7394577325371414
21.57,2.6246259082108954
21.575,2.459462509776136
21.58,2.2475574494378514
21.585,1.9935145948401616
21.59,1.7028475709488455
21.595,1.3818529041071985
21.6,1.0374636442989336
21.605,0.6770871566510178
21.61,0.30843123075268697
21.615,-0.060676998292137733
21.62,-0.42247460288140337
21.625,-0.7694440904333079
21.63,-1.0944875608438402
21.635,-1.3910892446580632
21.64,-1.6534622024506773
21.645,-1.8766754186413468
21.65,-2.0567580830969967
21.655,-2.1907785030029396
21.66,-2.2768958056795303
21.665,-2.31438335950953
21.67,-2.3036236334930993
21.675,-2.2460750139807932
21.68,-2.1442118769413043
21.685,-2.0014399524946893
21.69,-1.8219896927737982
21.695,-1.6107909436068941
21.7,-1.3733327070200043
21.705,-1.115512150691842
21.71,-0.8434772616986681
21.715,-0.5634676485186412
21.72,-0.2816579646090458
21.725,-0.004008260339218453
21.73,0.2638747264002161
21.735,0.5168617461561867
21.74,0.7504076046866913
21.745,0.9606376474739424
21.75,1.144412352847638
21.755,1.2993689265736403
21.76,1.4239395083959712
21.765,1.5173463136889012
21.77,1.5795747222279384
21.775,1.6113259732326755
21.78,1.613951713351833
21.785,1.5893731537473907
21.79,1.539988005605366
21.795,1.4685686638127684
21.8,1.3781552839515008
21.805,1.2719474422794317
21.81,1.1531979835540092
21.815,1.0251124559900942
21.82,0.8907572201383429
21.825,0.752978915546967
21.83,0.6143374927072668
21.835,0.4770544841879696
21.84,0.34297761355697287
21.845,0.2135622395874683
21.85,0.08986952395011034
21.855,-0.027419386957778243
21.86,-0.13797443944830354
21.865,-0.24177479130525908
21.87,-0.3390561874110183
21.875,-0.4302501504221805
21.88,-0.5159177860761605
21.885,-0.5966811376088059
21.89,-0.6731550511076118
21.895,-0.7458824353514416
21.9,-0.8152756199294472
21.905,-0.8815662405057553
21.91,-0.9447657191347236
21.915,-1.0046379732344906
21.92,-1.0606854956945104
21.925,-1.1121494202291593
21.93,-1.1580236416262881
21.935,-1.1970825206890248
21.94,-1.2279211871145939
21.945,-1.2490069762472236
21.95,-1.2587401111349272
21.955,-1.25552138174134
21.96,-1.2378242901230405
21.965,-1.2042689350970015
21.97,-1.1536948122541877
21.975,-1.0852297118256289
21.98,-0.9983520094913413
21.985,-0.8929438590898905
21.99,-0.769333100596932
21.995,-0.6283220764379379
22.0,-0.4712019868245175
22.005,-0.299751893234729
22.01,-0.11622198292077204
22.015,0.07669877734568484
22.02,0.2759299563194997
22.025,0.4780608019050224
22.03,0.6794236061319637
22.035,0.8761772657406554
22.04,1.0643986599175126
22.045,1.240179194940226
22.05,1.3997236854564954
22.055,1.5394486591020151
22.06,1.6560771849919322
22.065,1.7467274329110187
22.07,1.8089923618949302
22.075,1.841008206343978
22.08,1.841509766258126
22.085,1.8098709060274079
22.09,1.74612911189897
22.095,1.6509934375019892
22.1,1.5258356627054452
22.105,1.3726649850561325
22.11,1.1940870367155825
22.115,0.9932484568658198
22.12,0.7737686370174274
22.125,0.5396605851937476
22.13,0.29524311820352844
22.135,0.04504678457847539
22.14,-0.20628395948158448
22.145,-0.4540897557516402
22.15,-0.6937940013028578
22.155,-0.9209967410320068
22.16,-1.1315625660563833
22.165,-1.3217005409943654
22.17,-1.4880344885073147
22.175,-1.6276623030847834
22.18,-1.7382033323955106
22.185,-1.8178332388879757
22.19,-1.8653061237583675
22.195,-1.8799640489229759
22.2,-1.8617344208253477
22.205,-1.8111159943860873
22.21,-1.7291545084740483
22.215,-1.6174091690816297
22.22,-1.4779113474318564
22.225,-1.3131169540977092
22.23,-1.125853986037042
22.235,-0.9192667231754785
22.24,-0.696757979315945
22.245,-0.4619306953655973
22.25,-0.21853000944810425
22.255,0.02961324205561212
22.26,0.2786368357124786
22.265,0.5246987306905277
22.27,0.7640255411051996
22.275,0.9929577383659944
22.28,1.2079915704531152
22.285,1.405817814836136
22.29,1.5833575774768924
22.295,1.7377954097124675
22.3,1.8666100368077616
22.305,1.9676029764840663
22.31,2.038925273428234
22.315,2.0791024885104457
22.32,2.0870579629779518
22.325,2.06213423470647
22.33,2.0041123250391624
22.335,1.9132284525369403
22.34,1.7901875768736264
22.345,1.6361730442977824
22.35,1.452851505628431
22.355,1.242372215866633
22.36,1.0073598056517818
22.365,0.7508996415065248
22.37,0.47651496572466917
22.375,0.1881351292068169
22.38,-0.10994559754843107
22.385,-0.41311892916762716
22.39,-0.7165232128218928
22.395,-1.015113539160896
22.4,-1.303740702695117
22.405,-1.5772380476152033
22.41,-1.8305148852893152
22.415,-2.058654835278101
22.42,-2.257017136406088
22.425,-2.4213387100942367
22.43,-2.5478345450515913
22.435,-2.6332938198542446
22.44,-2.675169096733488
22.445,-2.6716559142380127
22.45,-2.6217601850067975
22.455,-2.525350971595802
22.46,-2.383196468153951
22.465,-2.1969813543890853
22.47,-1.9693041023762263
22.475,-1.7036532950914296
22.48,-1.4043625451477575
22.485,-1.0765441692185889
22.49,-0.7260023634414502
22.495,-0.3591272218412917
22.5,0.017228474213397568
22.505,0.3958872119864094
22.51,0.769496461059818
22.515,1.1306867245787797
22.52,1.4722341651005724
22.525,1.787223802440415
22.53,2.0692091527372116
22.535,2.3123641647825006
22.54,2.511623411442568
22.545,2.6628067087438416
22.55,2.76272465986637
22.555,2.80926205178567
22.56,2.8014365622628197
22.565,2.7394308540564922
22.57,2.6245968261723167
22.575,2.459431537827935
22.58,2.2475250945459675
22.585,1.9934815604388838
22.59,1.7028147101069402
22.595,1.3818211342584017
22.6,1.0374338455825856
22.605,0.6770600794441188
22.61,0.30840743392617237
22.615,-0.060697166688412185
22.62,-0.4224909830216672
22.625,-0.7694566576467218
22.63,-1.094496360331186
22.635,-1.3910943337243475
22.64,-1.653463616463416
22.645,-1.8766731698795045
22.65,-2.0567521929997308
22.655,-2.190769059882194
22.66,-2.2768830332126617
22.665,-2.3143676774295563
22.67,-2.3036056917138845
22.675,-2.2460556854274487
22.68,-2.144192202435627
22.685,-2.0014210420011636
22.69,-1.8219725988415414
22.695,-1.6107765318433969
22.7,-1.3733215518372741
22.705,-1.1155044804697571
22.71,-0.8434729661397379
22.715,-0.5634663450163861
22.72,-0.28165910450364917
22.725,-0.004011245056552785
22.73,0.2638704513668845
22.735,0.5168566436600462
22.74,0.7504020536501717
22.745,0.9606319969451216
22.75,1.1444069988637209
22.755,1.299364381833065
22.76,1.4239364382334239
22.765,1.5173455237054325
22.77,1.5795770987487945
22.775,1.6113323920476803
22.78,1.6139629403756772
22.785,1.5893897612617296
22.79,1.5400103205652511
22.795,1.4685967536128726
22.8,1.378188974206437
22.805,1.2719863539598517
22.81,1.1532415747483977
22.815,1.0251600560846825
22.82,0.8908080493887136
22.825,0.7530320886321734
22.83,0.6143920093656479
22.835,0.47710921296123815
22.84,0.3430312763479452
22.845,0.21361340563466125
22.85,0.08991662193292163
22.855,-0.027378031276804132
22.86,-0.13794053618928287
22.865,-0.24174999223991758
22.87,-0.3390419743177266
22.875,-0.430247722701244
22.88,-0.5159279676834007
22.885,-0.5967043210852943
22.89,-0.6731911882423062
22.895,-0.7459310719247126
22.9,-0.8153359600784258
22.905,-0.8816372190118337
22.91,-0.944846060429686
22.915,-1.004726224347528
22.92,-1.0607800336866182
22.925,-1.1122484476584222
22.93,-1.158125190896554
22.935,-1.1971844865128398
22.94,-1.228021396114889
22.945,-1.2491032878696653
22.95,-1.2588305305450815
22.955,-1.2556041588405686
22.96,-1.237897982080787
22.965,-1.2043324217173965
22.97,-1.1537472693664812
22.975,-1.0852705613920846
22.98,-0.9983808709612664
22.985,-0.8929605226014635
22.99,-0.7693375308715313
22.995,-0.6283144416857004
23.0,-0.4711826956747491
23.005,-0.2997216190056775
23.01,-0.11618165946229943
23.015,0.07674799308684534
23.02,0.27598674789071176
23.025,0.47812376795340583
23.03,0.6794913297132242
23.035,0.8762483673624392
23.04,1.0644718320055346
23.045,1.2402532229767669
23.05,1.3997974640123798
23.055,1.5395212083944283
23.06,1.6561476673668791
23.065,1.7467951625501332
23.07,1.809056798823207
23.075,1.8410689292950064
23.08,1.8415664270799625
23.085,1.8099231775386844
23.09,1.746176646977187
23.095,1.651035856395934
23.1,1.5258725775402937
23.105,1.372696057816007
23.11,1.1941120543889405
23.115,0.9932673999057537
23.12,0.7737817179545098
23.125,0.5396682431498189
23.13,0.2952459690266545
23.135,0.04504554027519345
23.14,-0.20628857939559284
23.145,-0.4540970974347987
23.15,-0.6938035178074156
23.155,-0.921007997154189
23.16,-1.1315752149564717
23.165,-1.3217142892676046
23.17,-1.4880490682002196
23.175,-1.6276774640967133
23.18,-1.7382188590737484
23.185,-1.817848984143327
23.19,-1.865322046459691
23.195,-1.8799802381923265
23.2,-1.8617510946847582
23.205,-1.8111334685207403
23.21,-1.7291731407811668
23.215,-1.6174292938486847
23.22,-1.4779332167265913
23.225,-1.3131407019800065
23.23,-1.12587962405471
23.235,-0.9192941654949689
23.24,-0.6967870860271126
23.245,-0.4619613163226622
23.25,-0.21856201079680618
23.255,0.029579980303324246
23.26,0.2786024518100838
23.265,0.5246634317619406
23.27,0.7639896522051616
23.275,0.9929217279342686
23.28,1.2079560361775488
23.285,1.4057834266128435
23.29,1.5833249892913006
23.295,1.7377651644546221
23.3,1.8665824925615668
23.305,1.9675782775324528
23.31,2.0389033754971857
23.315,2.079083230268661
23.32,2.087041160752167
23.325,2.0621197702582728
23.33,2.004100199682734
23.335,1.9132187935134892
23.34,1.7901805989294575
23.345,1.6361689844426388
23.35,1.4528505566081675
23.355,1.2423744815508477
23.36,1.0073652908121014
23.365,0.7509082740236096
23.37,0.476526636962755
23.375,0.18814973274967428
23.38,-0.10992814580383524
23.385,-0.41309869728518084
23.39,-0.7165002817478712
23.395,-1.0150880417274213
23.4,-1.3037128571017818
23.405,-1.5772081730179692
23.41,-1.8304833944643653
23.415,-2.0586222072334053
23.42,-2.2569838771057733
23.425,-2.421305310691741
23.43,-2.5478014448732833
23.435,-2.633261377950251
23.44,-2.6751375733340415
23.445,-2.6716254629887626
23.45,-2.621730857809607
23.455,-2.525322738471419
23.46,-2.383169252991015
23.465,-2.196955083212852
23.47,-1.9692787551531776
23.475,-1.7036289477717772
23.48,-1.404339388423058
23.485,-1.0765224956833093
23.49,-0.7259825244255954
23.495,-0.3591095657827285
23.5,0.017243662683181355
23.505,0.39589975244795544
23.51,0.7695062842837004
23.515,1.1306938452000623
23.52,1.4722386316819187
23.525,1.7872256446761512
23.53,2.069208345850078
23.535,2.312360623670506
23.54,2.5116170150699855
23.545,2.6627973437193737
23.55,2.762712265831433
23.555,2.809246652462873
23.56,2.801418273761417
23.565,2.7394098724945803
23.57,2.624573405072346
23.575,2.459405968494333
23.58,2.2474976989316704
23.585,1.99345269805413
23.59,1.70278479238053
23.595,1.3817906353733256
23.6,1.0374033001480552
23.605,0.6770300635722265
23.61,0.30837853416021843
23.615,-0.06072438651880556
23.62,-0.42251600630865177
23.625,-0.7694790247819454
23.63,-1.094515665214846
23.635,-1.3911102152282713
23.64,-1.653475755699227
23.645,-1.8766813012791546
23.65,-2.0567561301903234
23.655,-2.190768729423964
23.66,-2.2768785041975717
23.665,-2.3143591751209702
23.67,-2.303593588832841
23.675,-2.246040472961498
23.68,-2.144174449323187
23.685,-2.001401356526826
23.69,-1.821951602723513
23.695,-1.6107548518354893
23.7,-1.373299826024795
23.705,-1.1154833705604659
23.71,-0.8434531651567468
23.715,-0.5634485722026864
23.72,-0.28164408442540095
23.725,-0.00399967339124084
23.73,0.26387794920165175
23.735,0.51685955395589
23.74,0.750400010149722
23.745,0.9606248072019485
23.75,1.1443946591363212
23.755,1.2993470790182766
23.76,1.4239145375057436
23.765,1.517319541393181
23.77,1.579547662358903
23.775,1.6113001930048074
23.78,1.6139286885357529
23.785,1.5893541515852374
23.79,1.5399740199886542
23.795,1.468560410133022
23.8,1.3781532423209408
23.805,1.2719519239606203
23.81,1.1532091909555438
23.815,1.0251305124340602
23.82,0.8907821589696928
23.825,0.7530106337346267
23.83,0.6143756862830568
23.835,0.47709858793536364
23.84,0.34302676462282944
23.845,0.21361527639532857
23.85,0.0899250217837313
23.855,-0.027363050441536682
23.86,-0.13791899977016925
23.865,-0.24172200530551488
23.87,-0.33900774392565824
23.875,-0.4302075915270662
23.88,-0.5158824455538109
23.885,-0.5966541019695519
23.89,-0.6731371459816313
23.895,-0.7458742354790714
23.9,-0.8152774748284506
23.905,-0.8815783023386644
23.91,-0.9447879573169676
23.915,-1.0046701641733526
23.92,-1.0607271857552223
23.925,-1.1121998727590277
23.93,-1.1580817897055862
23.935,-1.1971469511571786
23.94,-1.227990175494873
23.945,-1.2490785774680353
23.95,-1.2588122923334393
23.955,-1.2555921680320217
23.96,-1.237891888429292
23.965,-1.2043318078968617
23.97,-1.1537516903396388
23.975,-1.085279556517158
23.98,-0.9983939519266312
23.985,-0.8929771504863274
23.99,-0.7693571003806488
23.995,-0.628336287796384
24.0,-0.4712061286370228
24.005,-0.29974598166111177
24.01,-0.11620639111042279
24.015,0.07672330561593621
24.02,0.2759623473956167
24.025,0.47809973809132367
24.03,0.6794676348371939
24.035,0.8762249069349638
24.04,1.0644484927442701
24.045,1.240229915295153
24.05,1.3997741368952588
24.055,1.5394978451369907
24.06,1.6561242703441532
24.065,1.7467717366601896
24.07,1.8090333408057953
24.075,1.8410454257011402
24.08,1.8415428596437369
24.085,1.8098995327313154
24.09,1.7461529268509055
24.095,1.6510120894168276
24.1,1.5258488294212498
24.105,1.3726724423039987
24.11,1.1940887425244142
24.115,0.9932446244942011
24.12,0.7737597693169294
24.125,0.5396474536167917
24.13,0.2952266869622721
24.135,0.045028098366214395
24.14,-0.2063038941139357
24.145,-0.45411006427431166
24.15,-0.6938139891819657
24.155,-0.9210158914698954
24.16,-1.1315805003145842
24.165,-1.3217169651737257
24.17,-1.4880491519320018
24.175,-1.627674985246526
24.18,-1.7382138616982774
24.185,-1.8178415329066495
24.19,-1.865312232481095
24.195,-1.8799681820271326
24.2,-1.8617369467194034
24.205,-1.811117409218061
24.21,-1.7291553832671456
24.215,-1.6174100891162049
24.22,-1.4779128584558763
24.225,-1.3131195256378274
24.23,-1.125857995258146
24.235,-0.9192724560634502
24.24,-0.6967656414829283
24.245,-0.46194042339770064
24.25,-0.2185418752279711
24.255,0.02959923810445513
24.26,0.2786207821023677
24.265,0.5246808284423343
24.27,0.7640061255748283
24.275,0.9929372901214514
24.28,1.2079707071194037
24.285,1.4057972596230635
24.29,1.5833381060240463
24.295,1.7377777834684438
24.3,1.8665949362927106
24.305,1.9675909493751065
24.31,2.0389167092873386
24.315,2.0790976246040915
24.32,2.0870569162200723
24.325,2.0621370465814035
24.33,2.004119002564716
24.335,1.9132389905581042
24.34,1.7902019545797991
24.345,1.6361911989918692
24.35,1.4528732955013557
24.355,1.242397387413316
24.36,1.0073879789410842
24.365,0.7509303189380845
24.37,0.47654756045433344
24.375,0.18816900210752688
24.38,-0.10991110569620004
24.385,-0.4130844798655194
24.39,-0.7164894682840056
24.395,-1.0150811705515266
24.4,-1.3037103965352395
24.405,-1.5772104987914641
24.41,-1.8304907703174214
24.415,-2.058634767552156
24.42,-2.257001612758312
24.425,-2.4213280621508457
24.43,-2.5478289082336625
24.435,-2.6332931280369465
24.44,-2.67517310362027
24.445,-2.671664235936402
24.45,-2.62177235399209
24.455,-2.525366490896211
24.46,-2.3832148557487143
24.465,-2.197002170513604
24.47,-1.9693269558481732
24.475,-1.7036778285623677
24.48,-1.404388403324575
24.485,-1.076570958395307
24.49,-0.7260296143230698
24.495,-0.3591543691830482
24.5,0.017202083700639567
24.505,0.3958622783668878
24.51,0.7694736611072914
24.515,1.130666627721928
24.52,1.4722171572539244
24.525,1.7872100401931266
24.53,2.0691985632101537
24.535,2.3123564931698213
24.54,2.511618303107099
24.545,2.6628038012010222
24.55,2.7627236565811812
24.555,2.809262756067589
24.56,2.8014388636211005
24.565,2.739434676088412
24.57,2.624602058238348
24.575,2.459437977616312
24.58,2.2475324235952434
24.585,1.9934893620281877
24.59,1.702822523693297
24.595,1.3818285285716965
24.6,1.0374404876975494
24.605,0.6770657806313289
24.61,0.30841216259849447
24.615,-0.060693303328050084
24.62,-0.42248777829250833
24.625,-0.769453851796348
24.63,-1.0944936819848374
24.635,-1.3910915294785122
24.64,-1.6534604673238718
24.645,-1.876669496980502
24.65,-2.0567478561335233
24.655,-2.1907639516007316
24.66,-2.276877070205844
24.665,-2.3143607907986197
24.67,-2.3035978188161503
24.675,-2.246046767199902
24.68,-2.1441821900718954
24.685,-2.001409914644492
24.69,-1.8219603898971153
24.695,-1.610763357203977
24.7,-1.373307630880853
24.705,-1.115490141654436
24.71,-0.8434586334128226
24.715,-0.5634525074156781
24.72,-0.28164627662536185
24.725,-0.003999928148619088
24.73,0.26387979992295896
24.735,0.516863629683751
24.74,0.7504063568732446
24.745,0.9606333786216288
24.75,1.144405310835745
24.755,1.2993595772907995
24.76,1.4239285792241339
24.765,1.5173347775801562
24.77,1.5795637174102903
24.775,1.6113166740524585
24.78,1.6139451841540804
24.785,1.5893702240213812
24.79,1.5399891983118752
24.795,1.468574191845442
24.8,1.378165107979833
24.805,1.2719613644292294
24.81,1.1532157419997904
24.815,1.0251337884624996
24.82,0.8907818778988271
24.825,0.7530066281062909
24.83,0.6143679005302404
24.835,0.477087066134527
24.84,0.34301163543306856
24.845,0.2135967413375906
24.85,0.08990334996621707
24.855,-0.0273875221545383
24.86,-0.13794586549291288
24.865,-0.2417507932675934
24.87,-0.3390379280358383
24.875,-0.43023861200410185
24.88,-0.5159137354879173
24.885,-0.5966851141582207
24.89,-0.6731673741833444
24.895,-0.7459032263891141
24.9,-0.8153048306345999
24.905,-0.8816036771301009
24.91,-0.9448110524738083
24.915,-1.0046907274402
24.92,-1.060745016265632
24.925,-1.1122148309239144
24.93,-1.1580938080371244
24.935,-1.1971560409259525
24.94,-1.2279964250332875
24.945,-1.2490821405002897
24.95,-1.258813367875562
24.955,-1.2555909759640504
24.96,-1.2378886459406515
24.965,-1.2043267114325715
24.97,-1.1537449058558351
24.975,-1.085271218588203
24.98,-0.998384170319921
24.985,-0.8929660216958242
24.99,-0.7693447213092481
24.995,-0.6283227690004579
25.0,-0.47119160492420675
25.005,-0.2997306181685462
25.01,-0.11619038336321814
25.015,0.07673973849653512
25.02,0.27597897598151655
25.025,0.47811634044273865
25.03,0.6794840151461377
25.035,0.8762409103492216
25.04,1.0644640119936883
25.045,1.2402448865950257
25.05,1.3997885256757394
25.055,1.5395116255181154
25.06,1.6561374047293171
25.065,1.7467841623186506
25.07,1.809044968444535
25.075,1.8410561512398562
25.08,1.8415525859261037
25.085,1.8099081943104645
25.09,1.7461605096280322
25.095,1.6510186383789276
25.1,1.5258544415847113
25.105,1.372677246894696
25.11,1.1940928746597315
25.115,0.9932482006554237
25.12,0.7737628719954684
25.125,0.5396501290507
25.13,0.2952289551618455
25.135,0.045029970415937905
25.14,-0.20630239866381134
25.145,-0.45410890652414143
25.15,-0.6938131100965227
25.155,-0.9210152206108991
25.16,-1.1315799698480111
25.165,-1.3217165231519268
25.17,-1.488048769604556
25.175,-1.6276746559950972
25.18,-1.7382135928701583
25.185,-1.817841334789692
25.19,-1.865312109709289
25.195,-1.8799681314503616
25.2,-1.8617369628018845
25.205,-1.8111174946433302
25.21,-1.7291555600716273
25.215,-1.6174104053389071
25.22,-1.4779133870996408
25.225,-1.3131203558992386
25.23,-1.1258592191452175
25.235,-0.9192741553454401
25.24,-0.696767879652531
25.245,-0.46194324511768486
25.25,-0.21854531255140927
25.255,0.029595156241159642
25.26,0.27861602183619816
25.265,0.5246753482834208
25.27,0.7639998804657988
25.275,0.9929302406469369
25.28,1.2079628299863618
25.285,1.405788554964923
25.29,1.583328598406853
25.295,1.7377675160733135
25.3,1.8665839604800032
25.305,1.9675793135638309
25.31,2.03890445116049
25.315,2.079084769173025
25.32,2.0870434799996733
25.325,2.0621230460709272
25.33,2.004104464220113
25.335,1.9132239597397003
25.34,1.790186502185622
25.345,1.6361754258594758
25.35,1.4528573354131056
25.355,1.242381409313688
25.36,1.0073721879942017
25.365,0.7509149549959055
25.37,0.4765328921340032
25.375,0.1881553154213526
25.38,-0.10992352351093339
25.385,-0.41309535871589187
25.39,-0.7164985719194292
25.395,-1.0150883078357262
25.4,-1.3037154251392717
25.405,-1.5772133216511575
25.41,-1.8304913275513541
25.415,-2.058633027732285
25.42,-2.256997566957205
25.425,-2.421321722311125
25.43,-2.547820309031035
25.435,-2.633282329691279
25.44,-2.675160192891075
25.445,-2.6716493239309624
25.45,-2.621755571715647
25.455,-2.525347985480149
25.46,-2.383194790862756
25.465,-2.196980733086195
25.47,-1.9693043682915792
25.475,-1.7036543624290597
25.48,-1.404364388207133
25.485,-1.076546780050456
25.49,-0.7260056986775185
25.495,-0.3591311532375616
25.5,0.017224188588563078
25.505,0.3958829224643475
25.51,0.7694925830195368
25.515,1.130683665921336
25.52,1.4722322449472187
25.525,1.787223186705619
25.53,2.069209828339671
25.535,2.3123659618809667
25.54,2.5116260664711914
25.545,2.662809946472096
25.55,2.7627282660049555
25.555,2.8092659116049377
25.56,2.8014406538401273
25.565,2.739435201961823
25.57,2.6246014358837626
25.575,2.459436337398074
25.58,2.247529905944477
25.585,1.9934861107122948
25.59,1.702818677302322
25.595,1.381824211027087
25.6,1.0374357988248544
25.605,0.6770607881900808
25.61,0.3084068973303744
25.615,-0.06069884839217741
25.62,-0.4224936439119684
25.625,-0.7694601048238833
25.63,-1.094500405725844
25.635,-1.3910988142414302
25.64,-1.6534684027070583
25.645,-1.8766781662034322
25.65,-2.056757331448779
25.655,-2.1907742892114355
25.66,-2.2768883035697685
25.665,-2.314372922597723
25.67,-2.3036108135507383
25.675,-2.2460605474255932
25.68,-2.144196639025951
25.685,-2.0014248862784187
25.69,-1.8219757247300392
25.695,-1.6107789000220831
25.7,-1.3733232452419695
25.705,-1.1155057170194023
25.71,-0.8434740832931605
25.715,-0.5634677601945454
25.72,-0.28166126330647273
25.725,-0.004014572093830768
25.73,0.26386558754378314
25.735,0.5168499478830302
25.74,0.7503933085369232
25.745,0.9606210640807304
25.75,1.144393825344209
25.755,1.2993490142866222
25.76,1.4239190381203486
25.765,1.5173263722114267
25.77,1.5795565804254141
25.775,1.6113109539481854
25.78,1.6139410346965444
25.785,1.5893677891130564
25.79,1.5399885973954528
25.795,1.4685755107190335
25.8,1.3781683974914885
25.805,1.2719666460071002
25.81,1.1532230159741463
25.815,1.02514304004826
25.82,0.8907930770583439
25.825,0.7530197226931001
25.83,0.614382805649089
25.835,0.4771036548743727
25.84,0.3430297359571408
25.845,0.21361614276823016
25.85,0.08992381571332882
25.855,-0.027366238268434952
25.86,-0.13792400621627024
25.865,-0.24172859250340345
25.87,-0.33901561401617514
25.875,-0.4302164160185949
25.88,-0.5158919004084813
25.885,-0.5966638968680917
25.89,-0.6731470386035437
25.895,-0.745884028009398
25.9,-0.8152869974575868
25.905,-0.8815873939470787
25.91,-0.9447964544792671
25.915,-1.0046779056929516
25.92,-1.0607340328699764
25.925,-1.112205737973288
25.93,-1.1580866629220683
25.935,-1.1971509121212114
25.94,-1.2279933862673296
25.945,-1.2490812556760367
25.95,-1.2588146724385552
25.955,-1.2555944613413978
25.96,-1.2378942519920137
25.965,-1.2043343284357426
25.97,-1.15375438391542
25.975,-1.0852823799941758
25.98,-0.9983968201248778
25.985,-0.8929799535022356
25.99,-0.76935971801569
25.995,-0.6283386007565478
26.0,-0.47120802773359705
26.005,-0.2997473760727464
26.01,-0.11620721532226799
26.015,0.07672308812288109
26.02,0.27596274606230964
26.025,0.47810074390374413
26.03,0.67946923418853
26.035,0.8762270965728435
26.04,1.0644512902407424
26.045,1.2402333602734754
26.05,1.3997782812061004
26.055,1.539502734246368
26.06,1.6561299217457626
26.065,1.7467781226512686
26.07,1.809040381752302
26.075,1.8410529963612032
26.08,1.8415508065709203
26.085,1.8099076969896037
26.09,1.74616116466718
26.095,1.651020284510833
26.1,1.5258568940534443
26.105,1.3726803082238452
26.11,1.1940963464047487
26.115,0.9932518939165468
26.12,0.773766614568821
26.125,0.5396537680083661
26.13,0.29523235519743446
26.135,0.04503300994157983
26.14,-0.20629983062570945
26.145,-0.45410690970508155
26.15,-0.6938117670333168
26.155,-0.9210145860664625
26.16,-1.1315800585533533
26.165,-1.3217173001534228
26.17,-1.4880501472471992
26.175,-1.6276764997031157
26.18,-1.7382157350475986
26.185,-1.8178435934425499
26.19,-1.8653143068733478
26.195,-1.8799701068179804
26.2,-1.8617385799585342
26.205,-1.8111186402259185
26.21,-1.7291561387536223
26.215,-1.6174103347759026
26.22,-1.477912596362914
26.225,-1.3131187887994589
26.23,-1.125856841166813
26.235,-0.9192709608673427
26.24,-0.6967638956303005
26.245,-0.46193852867603463
26.25,-0.21853994244179936
26.255,0.02960109170657335
26.26,0.2786224361088006
26.265,0.5246821629777503
26.27,0.7640070244778351
26.275,0.9929376424848952
26.28,1.2079704065434733
26.285,1.405796201497952
26.29,1.5833361842221472
26.295,1.7377748884850206
26.3,1.866590956755891
26.305,1.967585777890819
26.31,2.038910252102586
26.315,2.0790898131373874
26.32,2.0870477177255813
26.325,2.0621264714503784
26.33,2.00410710697182
26.335,1.9132258748523252
26.34,1.7901877592795745
26.345,1.636176100817517
26.35,1.4528575052763488
26.355,1.242381150120843
26.36,1.007371574413868
26.365,0.7509140604357313
26.37,0.4765317883837922
26.375,0.1881540714950891
26.38,-0.10992484314712715
26.385,-0.4130966961035621
26.39,-0.7164998773889321
26.395,-1.0150895414723904
26.4,-1.3037165580185917
26.405,-1.5772143370051432
26.41,-1.830492221935437
26.415,-2.058633812068477
26.42,-2.2569982671500357
26.425,-2.421322379063487
26.43,-2.547820976558862
26.435,-2.6332830732129517
26.44,-2.6751610849773213
26.445,-2.671650439978065
26.45,-2.621756984919215
26.455,-2.5253497617465017
26.46,-2.3831969841240888
26.465,-2.1969833814958166
26.47,-1.969307491750823
26.475,-1.7036579618026262
26.48,-1.4043684463899522
26.485,-1.0765512647629216
26.49,-0.726010566540814
26.495,-0.35913635440508324
26.5,0.017218706103828658
26.505,0.3958772095683521
26.51,0.7694866879741434
26.515,1.1306776346120873
26.52,1.4722261227367137
26.525,1.7872170212671754
26.53,2.0692036726343708
26.535,2.3123598763771542
26.54,2.511620119821141
26.545,2.662804214149186
26.55,2.7627228268398896
26.555,2.8092608426831513
26.56,2.8014360247309327
26.565,2.7394310695973534
26.57,2.624597841437937
26.575,2.45943330613183
26.58,2.247527450204628
26.585,1.9934842352791833
26.59,1.7028173853935895
26.595,1.3818235088388688
26.6,1.0374356967820455
26.605,0.6770612981024421
26.61,0.3084080261345043
26.615,-0.06069710619637188
26.62,-0.42249131222323166
26.625,-0.769457227631824
26.63,-1.0944970431843597
26.635,-1.391095033783074
26.64,-1.6534642678376086
26.645,-1.8766737267759905
26.65,-2.056752619012405
26.655,-2.1907693194089406
26.66,-2.2768830850322033
26.665,-2.314367469262028
26.67,-2.3036051557925283
26.675,-2.246054737511631
26.68,-2.1441907482081315
26.685,-2.0014189937721074
26.69,-1.8219699017912026
26.695,-1.6107731942501027
26.7,-1.373317670353291
26.705,-1.1155002515942027
26.71,-0.8434686790277455
26.715,-0.563462357089552
26.72,-0.28165580711261984
26.725,-0.004009028949156802
26.73,0.2638712229646115
26.735,0.5168556518440066
26.74,0.7503990338026494
26.745,0.9606267482322818
26.75,1.1443993982034093
26.755,1.2993544019504537
26.76,1.423924163115605
26.765,1.5173311512521546
26.77,1.579560922380857
26.775,1.6113147605066085
26.78,1.6139442049860897
26.785,1.5893702278055846
26.79,1.5399902243300383
26.795,1.4685762694327522
26.8,1.3781682604329206
26.805,1.2719656153831507
26.81,1.1532211205937424
26.815,1.0251403295896704
26.82,0.8907896155303484
26.825,0.7530155824691482
26.83,0.6143780626360976
26.835,0.4770983845916942
26.84,0.3430240099282731
26.845,0.21361002480287275
26.85,0.0899173582259379
26.855,-0.027372997142733804
26.86,-0.1379310436463636
26.865,-0.2417358992748381
26.87,-0.3390231899457041
26.875,-0.43022426313859735
26.88,-0.5159000152776634
26.885,-0.5966722636140555
26.89,-0.6731556240341353
26.895,-0.7458927794783077
26.9,-0.8152958434059062
26.905,-0.8815962464423053
26.91,-0.9448052128023016
26.915,-1.0046864600886944
26.92,-1.0607422678581564
26.925,-1.1122135349520543
26.93,-1.158093902072651
26.935,-1.1971574738101423
26.94,-1.2279991522819986
26.945,-1.249086110760793
26.95,-1.2588185067050153
26.955,-1.255597174118592
26.96,-1.2378957574453784
26.965,-1.2043345627667483
26.97,-1.1537533132405795
26.975,-1.0852800073264284
26.98,-0.9983931895495742
26.985,-0.8929751499006221
26.99,-0.7693538615897635
26.995,-0.6283318369356173
27.0,-0.4712005143655844
27.005,-0.2997392706348934
27.01,-0.11619866488350804
27.015,0.07673195233272184
27.02,0.2759718090741606
27.025,0.4781099035188745
27.03,0.6794783956740351
27.035,0.8762361678095879
27.04,1.0644601789419812
27.045,1.2402419737757302
27.05,1.3997865282664577
27.055,1.5395105277103942
27.06,1.6561371810548282
27.065,1.74678477577287
27.07,1.8090463668307044
27.075,1.8410582637549893
27.08,1.8415553217242944
27.085,1.8099114438634976
27.09,1.7461641486216268
27.095,1.6510225330796684
27.1,1.5258584543380638
27.105,1.372681240661233
27.11,1.19409671605845
27.115,0.9932517615854195
27.12,0.7737660303383014
27.125,0.5396527691357954
27.13,0.2952309686475963
27.135,0.045031258094071366
27.14,-0.20630192382214718
27.145,-0.4541093149843402
27.15,-0.6938144502289109
27.155,-0.9210175125697686
27.16,-1.1315831998168484
27.165,-1.3217206392051735
27.17,-1.4880536804619096
27.175,-1.627680233584946
27.18,-1.738219678889302
27.185,-1.8178477505226038
27.19,-1.865318667542369
27.195,-1.879974646082198
27.2,-1.8617432602880022
27.205,-1.8111234180976512
27.21,-1.7291609718446193
27.215,-1.6174151864515314
27.22,-1.477917435300616
27.225,-1.3131235837537933
27.23,-1.1258615531035019
27.235,-0.9192755360218142
27.24,-0.6967682629015887
27.245,-0.4619426031864705
27.25,-0.21854363471133031
27.255,0.02959786374142604
27.26,0.2786197361653041
27.265,0.5246800301722604
27.27,0.7640054736224605
27.275,0.9929366704229812
27.28,1.2079700018638522
27.285,1.4057963538523315
27.29,1.5833368897485276
27.295,1.7377761493369819
27.3,1.8665927748471849
27.305,1.9675881449140757
27.31,2.0389131390296145
27.315,2.0790931624629154
27.32,2.087051440786564
27.325,2.062130451653093
27.33,2.0041112082129655
27.335,1.9132299532671406
27.34,1.7901916759212284
27.345,1.6361797329733108
27.35,1.452860754701601
27.355,1.2423839472995197
27.36,1.007373878827955
27.365,0.7509158575820006
27.37,0.4765330848005097
27.375,0.1881548892687595
27.38,-0.10992447107884218
27.385,-0.4130967290310937
27.39,-0.716500268188015
27.395,-1.0150902368607195
27.4,-1.303717498806402
27.405,-1.5772154594438064
27.41,-1.8304934607579992
27.415,-2.0586351049422404
27.42,-2.2569995593634933
27.425,-2.421323626751088
27.43,-2.5478221469232136
27.435,-2.6332841410771346
27.44,-2.675162026325869
27.445,-2.6716512244319466
27.45,-2.621757569805675
27.455,-2.525350090218813
27.46,-2.3831969886530793
27.465,-2.196982992358385
27.47,-1.9693066484857245
27.475,-1.7036566246019755
27.48,-1.4043666044189633
27.485,-1.076548939433642
27.49,-0.726007809409172
27.495,-0.35913324099612437
27.5,0.017222084199038985
27.505,0.3958807518691897
27.51,0.7694902898764806
27.515,1.1306811893366597
27.52,1.4722295212975525
27.525,1.7872201520411812
27.53,2.069206422131206
27.535,2.3123621321876193
27.54,2.51162177578714
27.545,2.6628051769515575
27.55,2.7627230227470836
27.555,2.8092602232418415
27.56,2.8014345705933197
27.565,2.7394287922267893
27.57,2.624594782874683
27.575,2.4594295372026176
27.58,2.247523067536547
27.585,1.993479357348795
27.59,1.7028121477447808
27.595,1.381818058616231
27.6,1.0374301868344324
27.605,0.6770558810281706
27.61,0.3084028486734018
27.615,-0.06070190810484402
27.62,-0.42249561756024856
27.625,-0.7694609335906936
27.63,-1.0945000676760455
27.635,-1.3910973171340324
27.64,-1.6534657735472205
27.645,-1.8766744411593261
27.65,-2.0567525496741146
27.655,-2.190768492776754
27.66,-2.276881543511952
27.665,-2.3143652687782588
27.67,-2.303602364388867
27.675,-2.2460514352594894
27.68,-2.1441870280326754
27.685,-2.0014149622058564
27.69,-1.8219656783921185
27.695,-1.6107689086513408
27.7,-1.3733134566209306
27.705,-1.115496240516126
27.71,-0.8434649897722347
27.715,-0.5634590900133567
27.72,-0.28165303920180845
27.725,-0.004006812538968578
27.73,0.26387285859696796
27.735,0.5168566972672469
27.74,0.7503994961613915
27.745,0.9606266491422317
27.75,1.1443987732178242
27.755,1.2993533010732645
27.76,1.4239226511939442
27.765,1.5173293069903782
27.77,1.5795588351964922
27.775,1.6113125252692189
27.78,1.613941915482847
27.785,1.589367970233491
27.79,1.539988072068075
27.795,1.4685742798695758
27.8,1.37816647396544
27.805,1.2719640561543202
27.81,1.1532197983067154
27.815,1.0251392418433922
27.82,0.8907887504208233
27.825,0.7530149214644403
27.83,0.6143775837834394
27.835,0.47709806591792614
27.84,0.34302383257682945
27.845,0.21360997522841552
27.85,0.08991742882816574
27.855,-0.027372809172862254
27.86,-0.13793073889998467
27.865,-0.24173547920577032
27.87,-0.33902265931164793
27.875,-0.43022363086917165
27.88,-0.5158992934353647
27.885,-0.5966714648618703
27.89,-0.6731547586050731
27.895,-0.7458918528116948
27.9,-0.815294855308428
27.905,-0.8815951919952867
27.91,-0.9448040845601047
27.915,-1.0046852506938044
27.92,-1.0607409722042154
27.925,-1.1122121514194683
27.93,-1.1580924329224538
27.935,-1.1971559252569721
27.94,-1.2279975348527192
27.945,-1.2490844402374912
27.95,-1.2588168054088602
27.955,-1.255595471801985
27.96,-1.2378940909026614
27.965,-1.2043329735817767
27.97,-1.1537518437793075
27.975,-1.085278695881676
27.98,-0.9983920661063048
27.985,-0.8929742340426727
27.99,-0.769353163538511
27.995,-0.6283313617557414
28.0,-0.47120026832260126
28.005,-0.29973926791397104
28.01,-0.11619893264739133
28.015,0.07673137218734744
28.02,0.27597086224985645
28.025,0.4781085294898659
28.03,0.6794765365382945
28.035,0.8762337781145415
28.04,1.0644572346833376
28.045,1.240238479071618
28.05,1.3997825187614297
28.055,1.5395060703967565
28.06,1.6561323707777258
28.065,1.746779729133251
28.07,1.8090412144864634
28.075,1.8410531422376155
28.08,1.841550365833627
28.085,1.8099067804806805
28.09,1.7461598924172883
28.095,1.6510187841572075
28.1,1.525855297444234
28.105,1.3726787453308262
28.11,1.194094937014995
28.115,0.9932507388998779
28.12,0.7737657891722285
28.125,0.5396533192260502
28.13,0.29523230388777155
28.135,0.04503335655669935
28.14,-0.2062990992765245
28.145,-0.45410581563689995
28.15,-0.6938103402910207
28.155,-0.9210128681511588
28.16,-1.1315781081818101
28.165,-1.3217151980902089
28.17,-1.4880479969368194
28.175,-1.627674421855807
28.18,-1.73821385664967
28.185,-1.817842033915145
28.19,-1.8653131653366637
28.195,-1.8799694540919971
28.2,-1.8617384571647324
28.205,-1.8111190633797272
28.21,-1.7291571065874263
28.215,-1.6174118360946816
28.22,-1.4779146138683337
28.225,-1.3131212982050366
28.23,-1.1258598067182186
28.235,-0.9192743300771692
28.24,-0.6967675964208774
28.245,-0.46194247107252434
28.25,-0.21854402497551487
28.255,0.029596972742791303
28.26,0.2786183775829959
28.265,0.5246782488907271
28.27,0.7640033244811638
28.275,0.9929342144877676
28.28,1.2079673012813217
28.285,1.405793466252328
28.29,1.5833338634280274
28.295,1.7377730204421675
28.3,1.8665895673989292
28.305,1.9675848738293564
28.31,2.038909815440249
28.315,2.079089799885754
28.32,2.0870480603339754
28.325,2.0621270846717734
28.33,2.0041078954976004
28.335,1.9132267410932375
28.34,1.7901886102041469
28.345,1.6361768534933785
28.35,1.452858091280382
28.355,1.2423815190641887
28.36,1.0073716965257884
28.365,0.7509139277517971
28.37,0.47653141392684195
28.375,0.18815348611630972
28.38,-0.10992559594826001
28.385,-0.4130975663330796
28.39,-0.7165008142080318
28.395,-1.0150904969906676
28.4,-1.303717488558428
28.405,-1.5772152021253982
28.41,-1.8304929823237988
28.415,-2.0586344277290554
28.42,-2.256998696994797
28.425,-2.4213225822306086
28.43,-2.547820914914186
28.435,-2.633282713959439
28.44,-2.6751604023467164
28.445,-2.6716494155627477
28.45,-2.6217556070073167
28.455,-2.5253480246248965
28.46,-2.3831948883863303
28.465,-2.196980935873264
28.47,-1.9693047161121893
28.475,-1.7036548901660598
28.48,-1.404365128473133
28.485,-1.076547764954887
28.49,-0.7260069600922688
28.495,-0.3591327217121404
28.5,0.017222285485178068
28.505,0.3958806614443245
28.51,0.7694899454689099
28.515,1.1306806375454992
28.52,1.4722288154962968
28.525,1.7872193508587961
28.53,2.0692055884798997
28.535,2.3123613326429435
28.54,2.51162107994981
28.545,2.6628046562962875
28.55,2.762722748475308
28.555,2.8092602628554286
28.56,2.8014349832763212
28.565,2.739429623561638
28.57,2.6245960597772227
28.575,2.4594312640949303
28.58,2.2475252246158033
28.585,1.9934819013871312
28.59,1.7028150152985693
28.595,1.3818211710095012
28.6,1.0374334559667657
28.605,0.6770592150205731
28.61,0.3084061565842323
28.615,-0.06069871289202336
28.62,-0.4224926152906803
28.625,-0.7694581971624774
28.63,-1.094497662327962
28.635,-1.3910953003938555
28.64,-1.653464195122694
28.645,-1.876673342563671
28.65,-2.056751963480405
28.655,-2.1907684414931303
28.66,-2.276882038181419
28.665,-2.3143663075397147
28.67,-2.3036039313638454
28.675,-2.246053500194167
28.68,-2.1441895470643746
28.685,-2.0014178799091673
28.69,-1.8219689309279297
28.695,-1.6107724274953386
28.7,-1.3733171721230544
28.705,-1.1155000845524978
28.71,-0.8434688970299362
28.715,-0.5634629979216083
28.72,-0.2816568870249077
28.725,-0.0040105404798660964
28.73,0.26386930941576847
28.735,0.516853383407592
28.74,0.7503964690874481
28.745,0.9606239516747972
28.75,1.1443964362311936
28.755,1.2993513414542321
28.76,1.423921071707201
28.765,1.5173280980689192
28.77,1.5795579780426081
28.775,1.611311995261523
28.78,1.613941684892191
28.785,1.5893680096487588
28.79,1.5399883505537075
28.795,1.4685747644587424
28.8,1.3781671293888478
28.805,1.2719648455859236
28.81,1.1532206854195592
28.815,1.0251401938154427
28.82,0.8907897409916365
28.825,0.7530159329585457
28.83,0.614378607283672
28.835,0.47709909940390854
28.84,0.3430248775981968
28.845,0.21361103325800468
28.85,0.08991849859836974
28.855,-0.027371732385905033
28.86,-0.13792966179905655
28.865,-0.24173440738974888
28.87,-0.33902159380600577
28.875,-0.43022256567687006
28.88,-0.5158982151867038
28.885,-0.5966703549172182
28.89,-0.6731535971105476
28.895,-0.7458906235347591
28.9,-0.8152935498240458
28.905,-0.8815938120307895
28.91,-0.9448026419343941
28.915,-1.004683765065982
28.92,-1.0607394675004214
28.925,-1.1122106521200956
28.93,-1.1580909612862806
28.935,-1.1971545001082604
28.94,-1.2279961719485455
28.945,-1.2490831536874003
28.95,-1.258815609312851
28.955,-1.2555943812796682
28.96,-1.237893121966554
28.965,-1.2043321417379786
28.97,-1.1537511616668872
28.975,-1.0852781705609842
28.98,-0.998391696709393
28.985,-0.8929740104065091
28.99,-0.7693530662048558
28.995,-0.6283313634147458
29.0,-0.4712003364737092
29.005,-0.29973936827604714
29.01,-0.11619903271086342
29.015,0.07673130008606173
29.02,0.2759708388307609
29.025,0.4781085676706942
29.03,0.6794766417692482
29.035,0.8762339495572924
29.04,1.0644574666735276
29.045,1.2402387622596398
29.05,1.399782840479684
29.055,1.5395064141182424
29.06,1.6561327149126959
29.065,1.7467800457252782
29.07,1.809041468497515
29.075,1.8410532919961833
29.08,1.8415503648925775
29.085,1.8099065807063581
29.09,1.746159447763009
29.095,1.6510180543966098
29.1,1.5258542512120075
29.105,1.3726773620997075
29.11,1.1940932080061002
29.115,0.993248667226271
29.12,0.7737633896364642
29.125,0.5396506180994082
29.13,0.2952293387562749
29.135,0.04503017605552517
29.14,-0.2063024361701488
29.145,-0.45410924104630185
29.15,-0.693813779705092
29.155,-0.9210162433197318
29.16,-1.1315813402332011
29.165,-1.3217182104147536
29.17,-1.4880507175256346
29.175,-1.627676785054495
29.18,-1.7382158045517087
29.185,-1.8178435177481114
29.19,-1.8653141471177273
29.195,-1.8799699085763606
29.2,-1.8617383737981295
29.205,-1.8111184477450029
29.21,-1.7291559808219725
29.215,-1.6174102379755988
29.22,-1.477912594635108
29.225,-1.3131189195618174
29.23,-1.1258571376703772
29.235,-0.9192714442162184
29.24,-0.6967645699929814
29.245,-0.4619393817670163
29.25,-0.2185409510217028
29.255,0.029599953730933784
29.26,0.27862119046135914
29.265,0.5246808236605961
29.27,0.7640055995096997
29.275,0.9929361396950571
29.28,1.2079688406335414
29.285,1.4057945990693053
29.29,1.5833345843602262
29.295,1.7377733383554992
29.3,1.8665895036771996
29.305,1.9675844606681199
29.31,2.038909094553862
29.315,2.07908882175551
29.32,2.087046883808724
29.325,2.0621257765074508
29.33,2.004106529356223
29.335,1.91322539562005
29.34,1.790187366017189
29.345,1.6361757891826556
29.35,1.452857278759029
29.355,1.2423810187973892
29.36,1.0073715532612446
29.365,0.7509141673754365
29.37,0.47653204195905013
29.375,0.18815448814266478
29.38,-0.10992425193756944
29.385,-0.41309592609046003
29.39,-0.7164989325904092
29.395,-1.0150884334541306
29.4,-1.3037153036620488
29.405,-1.5772129556196763
29.41,-1.83049073289895
29.415,-2.0586322339426144
29.42,-2.2569966184717694
29.425,-2.421320680092645
29.43,-2.547819250616822
29.435,-2.633281346242776
29.44,-2.675159382666337
29.445,-2.6716487829404367
29.45,-2.6217553835285523
29.455,-2.5253482127157323
29.46,-2.3831954705645546
29.465,-2.1969818770425373
29.47,-1.9693059678622318
29.475,-1.7036563961402833
29.48,-1.4043668297614418
29.485,-1.0765496046454446
29.49,-0.726008886465015
29.495,-0.35913468993881487
29.5,0.017220312968035285
29.505,0.3958787155509674
29.51,0.7694880516726502
29.515,1.1306788172907205
29.52,1.4722270874532088
29.525,1.7872177316996203
29.53,2.069204092932194
29.535,2.31235997272374
29.54,2.511619863508521
29.545,2.6628035852489593
29.55,2.762721817307022
29.555,2.8092594580032384
29.56,2.8014342838273394
29.565,2.739429003337074
29.57,2.6245954904364295
29.575,2.459430718544683
29.58,2.2475246798918196
29.585,1.9934813403472318
29.59,1.702814426874375
29.595,1.3818205492522757
29.6,1.0374327985024647
29.605,0.6770585216528147
29.61,0.3084054286124161
29.615,-0.060699472454174654
29.62,-0.4224934008326531
29.625,-0.7694589994481571
29.63,-1.094498467867836
29.635,-1.3910960915501565
29.64,-1.653464950934491
29.645,-1.8766740399725923
29.65,-2.056752578510496
29.655,-2.190768950038507
29.66,-2.2768824163193786
29.665,-2.314366531574104
29.67,-2.3036039779668274
29.675,-2.2460533469734476
29.68,-2.1441891736619407
29.685,-2.0014172694525154
29.69,-1.8219680714536837
29.695,-1.610771312952879
29.7,-1.3733158027500838
29.705,-1.1154984667007655
29.71,-0.8434670427574928
29.715,-0.5634609247284667
29.72,-0.28165461795094565
29.725,-0.004008104480115711
29.73,0.26387187719780353
29.735,0.5168560419714062
29.74,0.7503991728805256
29.745,0.9606266528860884
29.75,1.1443990876664176
29.755,1.299353899295236
29.76,1.423923497447622
29.765,1.5173303592159963
29.77,1.5795600476619547
29.775,1.6113138509031324
29.78,1.61394330765722
29.785,1.5893693840249223
29.79,1.5399894652100723
29.795,1.4685756136420642
29.8,1.3781677141596846
29.805,1.27196517407577
29.81,1.1532207716315008
29.815,1.025140055099477
29.82,0.8907893949400167
29.825,0.7530153948065592
29.83,0.6143778887952094
29.835,0.477098209686518
29.84,0.3430238255356558
29.845,0.21360983058132077
29.85,0.0899171623224431
29.855,-0.027373179219807076
29.86,-0.13793119149251076
29.865,-0.24173599067066787
29.87,-0.33902320357042565
29.875,-0.4302241800934944
29.88,-0.5158998191358316
29.885,-0.5966719393891589
29.89,-0.6731551569553085
29.895,-0.7458921545270907
29.9,-0.8152950461723381
29.905,-0.8815952651790792
29.91,-0.9448040409305392
29.915,-1.0046850981522117
29.92,-1.0607407241758333
29.925,-1.1122118248682271
29.93,-1.1580920464333226
29.935,-1.1971554977195031
29.94,-1.2279970850672413
29.945,-1.2490839874014317
29.95,-1.2588163700484565
29.955,-1.2555950764478365
29.96,-1.2378937597899233
29.965,-1.2043327309268061
29.97,-1.1537517106744897
29.975,-1.0852786863973052
29.98,-0.9983921835947659
29.985,-0.8929744687450305
29.99,-0.7693534923366073
29.995,-0.6283317503613085
30.0,-0.47120067552341693
30.005,-0.29973965092686666
